,avatar,comment,nickname,votes
0,https://img3.doubanio.com/icon/u3540441-63.jpg," 一流的画面制作，可惜故事不入流，人物都是提线木偶。我心中的大唐不是这么妖里妖气的。从头到尾都在蜜汁微笑的染谷将太，我很想问你到底在笑...什...么...
        ",同志亦凡人中文站,9103
1,https://img3.doubanio.com/icon/u34316735-2.jpg," 原来妖猫是个编辑啊，催白居易交稿子。
        ",PureSucker,12023
2,https://img3.doubanio.com/icon/u1074463-104.jpg," 陈凯歌难得一次的正常发挥，编剧王慧玲功不可没，不雷人对他就是进步。美术置景登峰造极，极力营造大唐盛世，只是美术和特效堆砌太满，极乐之宴的部分过长，做下减法会更好。导演太醉心于“宴”，以至于后面破案的部分显得十分仓促，“情”也少了力道。
        ",大奇特(Grinch),5140
3,https://img1.doubanio.com/icon/u46342757-19.jpg," 白居易和空海分别获得各自朋友圈当日微信运动冠军。
        ",Minnesota,7129
4,https://img3.doubanio.com/icon/u3995080-211.jpg," 这部电影在视听语言层面上堪称完美，你可以不喜欢它讲故事的方式，但你不能否认它在其他方面的优秀。建一座城，拍一部电影，实景实拍，这种沉甸甸的影像质感，是再厉害的特效都达不到的，它的质感就像匠人纯手工的工艺品，电影感也做的超棒，看冯小刚和陈凯歌这些人的电影，会觉得姜确实还是老的辣。
        ",亵渎电影,4192
5,https://img1.doubanio.com/icon/u3771212-59.jpg," 虽然前后割裂太严重，几乎从探墓之后完全崩盘，但还是不忍心唱衰，因为实在很喜欢前半部分。如果说电影是造梦的机器，我确实在这里看到了稍纵即逝的幻梦，它如此美丽也如此脆弱，令人瞠目结舌也令人无限唏嘘。哪一种真相才更让人痛苦呢，不能生在最好的年代，或是发现，原来最好的年代根本也不存在。
        ",阿暖,3871
6,https://img1.doubanio.com/icon/u139227823-8.jpg," 国产电影的弊病，没有灵魂，再华丽也是虚有其表。
        ",Tangerine,4412
7,https://img3.doubanio.com/icon/u1032989-50.jpg," 7，二刷之后情绪更流畅，也更能理解这部电影。核心还是杨贵妃，但并不觉得这是爱情片，因为杨贵妃这个角色太过符号，更像是对盛唐时代的一种抽像，认同了这一点，后面的很多所谓爱情对白和剧情也可以这么顺下来，各有了新的含义。视觉部分真的很不错，也是全片最亮眼。遗憾则是后面节奏出了些问题。
        ",桃桃淘电影,2128
8,https://img3.doubanio.com/icon/u1233038-2.jpg," 不理解这为什么要拍成一部电影。这个年纪和那样经历的一个导演耗资甚巨，搭实景做特效，堆积半天悬疑和鬼魅，最后就为了探究这么一个浅薄的爱情故事？陈凯歌老师都多大岁数了？这心态好纯啊。如果是做一个商业项目，那还另说，这是他声称一直心心念念的“作品”，就这样垮下去然后自我就很满足了吗？
        ",frozenmoon,2194
9,https://img1.doubanio.com/icon/u1005928-127.jpg," 没看过小说下目瞪口呆看完，现代手法拍出的古典传奇，唐朝盛世之美，杨贵妃生死之谜，妖猫的传说，在推理与悬疑层层递进下，百转千回。
        ",影志,2928
10,https://img3.doubanio.com/icon/u63688511-15.jpg," 1.欠了债都是要还的。你们天天撸猫，这回轮到猫来撸你们了吧。2.这不是黑猫，这是金刚狼。3.这也不是空海，这是要捉拿黑猫的警长，简称黑猫警长。4.黄鹤在古代也是王八蛋。5.预知后事如何，敬请收看续集《黑豹》。
                
                ",凌睿,2224
11,https://img3.doubanio.com/icon/u1804355-2.jpg," 我知道陈凯歌你把心力都放在极乐之宴上了，那场戏很华丽很有想象力，但是请问俩男主最后找了半天真相，发现本日记一读就恍然大悟了？这尼玛简直就是在大银幕照着书读故事，问题梦枕貘在日本作家里也不算啥一流人物啊。云想衣裳花想张榕容就差把丹龙、白龙栓根线放天上去了，你说是无极2我还真不能同意
        ",大瘦瘦,2018
12,https://img3.doubanio.com/icon/u5425320-30.jpg," 陈凯歌对荡秋千是不是又特别浓厚的爱啊。
        ",Rapunzel,2949
13,https://img1.doubanio.com/icon/u53297892-7.jpg," 我大概是看了一场幻术吧… 倾城王妃与三个爱慕她的男人，把十年前的<无极>又用幻术给我演了一遍
        ",Ana,2330
14,https://img1.doubanio.com/icon/u1128221-98.jpg," 彼女と彼女の猫。一只会读诗，会念白，会COS，会加戏，卖萌甚至还会哭的玄猫……一开始超凶它，最后几乎是落泪它。吃人眼睛的妖猫，迷弟表情的阿部仲麻吕，天性纯真眉目少年的白龙，还有杨贵妃的眼神光。我们熟读唐诗三百首，但没有眼见大唐模样，或许，名曰为“美”。你眼睛看到什么，那就是什么了。
        ",木卫二,1565
15,https://img1.doubanio.com/icon/u50060410-9.jpg," 几乎是陈凯歌的极限了！本以为白乐天创作时的疯魔就是导演本人，但电影中每个角色都有癫狂的时刻或部分，比如张鲁一打鼓，刘昊然的执念...这些都可以说是导演创作时的自己...#执念也好，繁华也罢，这一切都只不过是幻术#
        ",朝阳区小百合,1611
16,https://img1.doubanio.com/icon/u48849613-159.jpg," 《妖猫传》里有三白，白居易、李白、白龙。他们分担着不同的作用，单独去看并不觉得夺目，但合在一起，就能感到十足的份量。如果非要用一个句话形容，我觉得是锋芒毕露的少年意气。盛唐暗夜，幸有微芒。
        ",沐风而遇周星星,1575
17,https://img1.doubanio.com/icon/u51016659-27.jpg," 这电影本就是一场幻术，看完如梦方醒。中日版阿部宽奇妙同框，刘昊然&欧豪角色很重，实景建出的唐城也没有过分去渲染华丽，自然而然就带出唐朝的风貌。给染谷将太配音的演员太厉害了，八分纯正的汉语带着两分的日语腔，而且音色和染谷自己的几乎一样，鸡皮疙瘩都出来了！陈红没有客串略可惜，太平啊…
        ",二火山,1345
18,https://img3.doubanio.com/icon/u2297669-6.jpg," “这才是大唐风流啊！”陈凯歌回归之作，是他新世纪最好的作品。中唐实景质感+盛唐奢华盛宴，故事有点赶节奏但很流畅，整体就是对长恨歌的解读。故事情节前后对阙，疯魔+顿悟也对应前后双男主，爱猫之人在结尾一刻流泪了。这才是东方式奇幻，异死+奇情，正宗的聊斋范儿。幻术为假情感为真，黄鹤王八蛋
        ",乌鸦火堂,1159
19,https://img3.doubanio.com/icon/u48249425-3.jpg," 场面大，格局小，到头来就是个人人都爱她的玛丽苏魔幻神剧
        ",青鸟不至,1713
20,https://img3.doubanio.com/icon/u1277486-3.jpg," 有种天上人间艺术总监拿到春晚预算的狂喜感觉。为什么中国电影里开心的女性都要转着圈子奔跑，同时啊哈哈哈哈呢？为什么一个地方破败了就会长义乌风格的野草呢？
        ",一位少男,1062
21,https://img3.doubanio.com/icon/u4640303-135.jpg," 拿这片叙事方式跟《一代宗师》比的，王家卫到底怎么得罪你们了……黄轩在里面是倾情出演了一个傻逼吧，为什么每句台词都要用莎翁剧mix蓝猫淘气三千问的腔调朗诵出来？
        ",王大根,974
22,https://img3.doubanio.com/icon/u10969301-311.jpg," 拍出了盛唐的气象万千，和后来日渐衰退的中唐有荣枯对比。美术显得足金足两，但又没金光闪闪浮夸上天。故事超出预期，沙门空海悬疑探案，午夜梦回盛世图景，名垂青史文人佳话，另类演绎历史谜团…正史野史、真实奇幻糅在一起，能自圆其说。杨玉环成为时代和国家的符号，她的苏醒是自欺欺人的幻象而已。
        ",何小沁,991
23,https://img1.doubanio.com/icon/u47750432-259.jpg," 欣赏了张鲁一老师阿部宽老师黄轩老师刘昊然老师欧豪老师对张榕容小姐的痴汉表演 我要呕了。美女贵妃的命比那些完全无辜宫女艺伎命金贵 社会你白龙👏👏
        ",SheilaTakeABow,911
24,https://img3.doubanio.com/icon/u1418881-44.jpg," 前半小时还蛮精彩，哪怕你给我一场华丽幻术我也认，然而陈凯歌对杨玉环到底是有什么执念啊？冯小刚年轻时候的梦想是文工团的大白腿，陈凯歌的绮念是石棺里的贵妃，人老多情，人老也糊涂！还个愿费劲死了，连叙事都撸不明白，后面三分之二简直如坐针毡。
        ",眠去,816
25,https://img3.doubanio.com/icon/u28768642-12.jpg," 故事是好故事只说明编剧牛逼，布景服化道很辉煌是道具牛逼，导演太肤浅台词尴尬，看过点映回来最大的感觉像舞台剧像话剧就是不像电影！
        ",Llele,881
26,https://img3.doubanio.com/icon/u38350264-3.jpg," 一星我只想给布景！神经病！电影神经病！
        ",Konya,1441
27,https://img3.doubanio.com/icon/u3968796-55.jpg," 感到智力都融化在染谷将太的迷之微笑里了。
        ",横纲级艾丽卡,1184
28,https://img3.doubanio.com/icon/u49948621-34.jpg," 美不胜收，就像是心底垂涎已久的盛唐，被这般如幻如真的方式还原出来。片中幻术常在，他们入梦我入画。抽掉原著众多人物及思辨后，那蚀骨的浪漫和绝望便附在见证与解密上。即便偶有唐突，但画面与情感迅速补位，看得我颇为动情。遗憾是原著好些有趣场景与桥段没用上。但该是陈导翻身之作了吧？21
        ",Mr. Infamous,859
29,https://img1.doubanio.com/icon/u2279829-7.jpg," 这个电影有一种奇怪的撕裂感，优缺点都非常明显。但最后优点终于盖过了缺点。白乐天和空海全程都在当导游，有点可惜了……但所有的演员都非常「合适」，这一点很难得。我最喜欢张鲁一。
        ",张小北,499
30,https://img3.doubanio.com/icon/u1254355-160.jpg," 盛唐气象？？ 恒大童世界+海南海花岛+今日说法周末加强版+陈府父子传。
        ",周眠,814
31,https://img1.doubanio.com/icon/u1226256-39.jpg," 看得舒服死了，恭喜陈凯歌还魂了，《刺杀始皇帝》的那个陈凯歌，狂气，傲骨，绚烂，不拘一格，回来了，侯孝贤的唐朝是孤独聂隐娘，徐克的唐朝是皇家神探狄仁杰，张艺谋的唐朝是宫斗乱伦杀戮，陈凯歌的唐朝式亦幻亦真的爱欲，如露亦如电的梦境，这做工牛逼，角川映画没看错人，希望中国大卖，日本大卖。
        ",内陆飞鱼,534
32,https://img1.doubanio.com/icon/u2831387-149.jpg," 豆瓣评分也是有点看不懂，核心用户被稀释的结果吧，稍微需要点脑子的电影就大呼什么鬼。陈凯歌的审美真的是中国导演里最好的了，就算被疯狂吐槽的道士下山里也有很美的景和动人的情，而且陈凯歌一直有少年气，只有他懂白龙的执着，少年的心中是绝不能容忍美好的幻灭和对爱情的亵渎的。
        ",李小丢,513
33,https://img3.doubanio.com/icon/u2763975-164.jpg," 陈凯歌至少拍出了三种爱情：刘昊然那类少年心气的一见钟情误终身。阿部宽那类中年人的沉默无语与无可奈何花落去。黄轩那类自恋复自怜的文人对书写对象的痴迷。
真棒啊，梦枕貘擅长书写的哀极怨灵，居然成为了陈凯歌灵感的最佳载体。歌叔这次不再空洞，幸亏了这一点。
        ",大时代歌姬,481
34,https://img3.doubanio.com/icon/u46564377-6.jpg," 中国的第五代导演有点意思，以前拍生活小品的现在拍起了民族家国，以前拍伤痕批判的现在拍起了凡人修仙。
        ",浮云,585
35,https://img1.doubanio.com/icon/u4901199-17.jpg," 想和白乐天、白龙、丹龙、唐玄宗、阿部仲麻吕说：真情实意的追星，都是要遭报应的。
        ",刘十九,695
36,https://img3.doubanio.com/icon/u44191956-30.jpg," 张鲁一和阿部宽怎么那么像哈哈哈哈哈哈哈
        ",Moony,750
37,https://img1.doubanio.com/icon/u58929132-19.jpg," 根本就是一期走近科学，一开始还有意塑造的主角二人突然成了行走的十万个为什么，不断切回镜头就是为了他们能不停问为什么怎么了后来呢。接着找到一个人似乎很有情感诉求的日记，结果这人其实就一龙套。最后电影表演了一个多小时的马戏魔术杂技，营销号告诉你这叫盛唐，陈凯歌告诉你这就是极乐和爱喔！
        ",钾碳铀氟,514
38,https://img3.doubanio.com/icon/u53433872-3.jpg," 这部电影现代和古典的结合，用现代的手法拍出了传奇之作，不仅体现了大唐的盛世之美，它的剧情也是百转千回，剧中我轩和染谷cp也是值得一看。
        ",不会飞的大雁,823
39,https://img3.doubanio.com/icon/u2179233-1601.jpg," 我太喜欢这部电影了！每一分钟的视觉体验都让人幻肢梆硬！最长的画卷也画不出这部电影的美丽！真是大唐盛世！幻像万千！怎么能！这！么！美！！美术爱好者一定要去看，根本就是美学porn！！基本上来说这部电影视觉上唯一的缺点是猫的刻画有点过于卡通了，故事不差，简单事情复杂化，讲的还算细致。
        ",猛汉世雄,459
40,https://img3.doubanio.com/icon/u164413419-3.jpg," 坐在高级餐厅里嚼蜡
        ",以彰为怠,835
41,https://img1.doubanio.com/icon/u2126832-179.jpg," 如果说贵妃代表了大（guo）唐（jia），陈凯歌似乎是想说，人人都爱大唐，唯独天子不爱。可是凯哥你又是当导游带我们游览唐城，又是玩王的盛宴2，好像也并没有真的从心底里在乎大唐。你想的，大概是“我才是那个真正骄傲的李白”吧？
        ",时间之葬,384
42,https://img1.doubanio.com/icon/u2524948-39.jpg," 盛唐气象真的是美，然而整个戏也就停留在美上，有美人皮无美人骨，倾国倾城得并无说服力，也就小黑猫萌了一把，还会用爪爪擦眼泪呢，冲着它的面子给三星半
        ",黄青蕉,308
43,https://img3.doubanio.com/icon/u3272880-15.jpg," 金玉其外 败絮其中，十年后又回想起了无极。
        ",红花三七,668
44,https://img3.doubanio.com/icon/u49290419-14.jpg," 乐天写了那么多天子行止，却写不出真相；空海念了那么多咒语经忏，却念不破生死。帝王只歆享荣耀，并无真相；幻术只提供补偿，无法回生。盛极时她是云花比研的霓裳，衰败时只不过指甲溃伤的弃子。每个人皆爱她的极乐之貌，唯有命运赐给她必死白绫。拾起翠翘，舞出胡旋，所有人在盛唐幻术里，不愿醒来。
        ",西楼尘,340
45,https://img3.doubanio.com/icon/u42927631-31.jpg," 古文夹杂现话，靠做作来表达风流，靠面瘫和嘶吼来表演。影院里全是哈欠和叹气声。像又看了一遍《无极》，真的看不懂陈凯歌想表达什么。可能二十年后才能看懂吧。

        ",所有团的团长,426
46,https://img3.doubanio.com/icon/u1228445-130.jpg," 求日语吹替版……这片别扭的地方基本都是因为用中文对白拍了个从里到外，从人物到情节都是日本逻辑的电影，作为奇幻很棒，作为推理不及格，作为日本原著改编令人惊异地拍出了日本美学的核心概念。片中李白显然是凯爷的化身。由此，盛世危言才是本片最大的诉求。另外私心说，如果九州能拍成这样该多好！
        ",胤祥,194
47,https://img1.doubanio.com/icon/u48369193-7.jpg," 一场值得致以敬意的华丽冒险。陈凯歌用自己的勇气和创新精神为华语魔幻电影树立了一个新的标杆。这是我印象中把大唐气象呈现的最好的影视作品，中日团队合作也不复《无极》时的尴尬，黄轩染谷将太双男主互不抢戏，将历史上极具争议的杨贵妃之死真相娓娓道来，最后触动人心的永远是真诚与执着。佳作。
        ",二十二岛主,419
48,https://img3.doubanio.com/icon/u2959888-4.jpg," 一篇文章，如果辞藻极尽华丽，却立意低下，不叫好文章。东方美学被运用到极致也没什么用。不喜欢这样的反转历史。《长恨歌》被亵渎，李白又丑又猥琐，杨贵妃被白龙爱还死在一床，一个浅薄的爱情故事。3星，因为反感减一星。同样是演绎，宁愿相信贵妃没有死在马嵬坡，而是在一个遣唐使的帮助下东渡日本
        ",秋色波连波,302
49,https://img3.doubanio.com/icon/u114543916-10.jpg," 陈凯歌对待电影一直是有态度的，这电影真是造梦啊，太美了，2D太良心了。这样的陈凯歌已经太久没看到了，所以要加半颗星！
        ",江小鱼,452
50,https://img3.doubanio.com/icon/u1819911-2.jpg," 三星半到四星之间。大唐气韵拍出来了，而且不算空洞。就此一点足以值得肯定。故事讲得还是不够自然流畅，得靠气势和风格撑着。前半部分日本怪谈电影风格明显，很有范儿。后半部分还是散漫，抒情太浓太长。杨贵妃的美很有象征味道，确实摄人心魄。黄轩很用力但不适合这个角色。日本演员都非常带感！
        ",CyberKnight电子骑士,271
51,https://img3.doubanio.com/icon/u45066005-6.jpg," “这诗不是写娘娘的，还能是写谁的？”“写杜甫的。”
        ",马泽尔法克尔,287
52,https://img3.doubanio.com/icon/u42174843-51.jpg," 地摊文学，连续剧，精美而空洞，完整而贫乏，颇有三分新世纪初华语大片的气场。极乐之宴是雯哥，尸解大法是中国特色社会竹椅，杨贵妃就是共产主义梦想吧。一个人倾倒一个国度的时代，不就是最该死的时代吗，沾过娘娘光的人才想娘娘活过来。
        ",哪吒男,204
53,https://img3.doubanio.com/icon/u165235124-1.jpg," 故事太小题大做了
        ",诗舞杰年,577
54,https://img3.doubanio.com/icon/u4477057-4.jpg," 这也太……花了那么多钱拍的那么美丽的场景，然后就讲这么个故事？我的内心在呐喊在拒绝……无极2.0……生硬做作的纯情爱情。空海求佛法，被扔到九重天之外了。
        ",小游,358
55,https://img3.doubanio.com/icon/u56055715-4.jpg," 如果可以，我想给这曲盛世悲歌我一年在豆瓣所有可以打的星星。真的应了那句不疯魔不成活，我的2017年度最佳！
        ",小时候可牛B了,407
56,https://img3.doubanio.com/icon/u1107947-16.jpg," 论李白给唐代诗人留下多大心理阴影
        ",京客隆小丸子,312
57,https://img3.doubanio.com/icon/u82880498-2.jpg," 没有人想梦回大唐，这也不是真正的大唐，但这是陈凯歌的大唐。绚丽至极，如痴如醉。从建构到解构，陈凯歌终于把他过去想要表达的东西全部挥洒。
        ",孔鲤,221
58,https://img1.doubanio.com/icon/u1518879-159.jpg," 我赶脚吧，很像看了一台春晚。
        ",蔡要要不吃药,326
59,https://img1.doubanio.com/icon/u46843344-18.jpg," 跟无极一样的毛病，调子起得特别高，装了半天逼最后却言之无物。染谷将太从头到尾蜜汁微笑，以为他成竹在胸呢，结果妖猫就当着他面干掉了张雨绮。折腾一圈，两个人谁都没救下来，最后都还挺高兴，一个说找着无上密了，一个说一字不改。这感觉就像我拖延症犯了不想做本职工作，故意找个事来浪费时间。
        ",刘康康,152
60,https://img1.doubanio.com/icon/u2065435-38.jpg," 两处打动我：杨玉环洞悉人性的莫测，不动声色赴死成就一桩秘而不宣的花树开落；和尚问留在大唐生活的日本仆妇“一个人在长安生活，一定很寂寞吧”，心中一颤——白龙一个人住进黑猫的皮囊，魂灵也一定很寂寞吧，少年却涩然道“我不是那个身体很久了”，甘愿堕入永生执念的深海，从此与欢趣无缘。
        ",不良生,132
61,https://img3.doubanio.com/icon/u45979934-14.jpg," 要不要再去看看无极，可能还好点。
        ",树上的阿树,374
62,https://img3.doubanio.com/icon/u40960942-232.jpg," 这故事也太悲伤了吧，想把白龙和黑猫同时搂在怀里，安慰它们，好了好了，没事了没事了。
        ",曾良君,156
63,https://img1.doubanio.com/icon/u3796126-29.jpg," 前半截儿的气氛营造挺好的，后边乱作一团没节奏。比道士下山自然是好太多了。。。但导演硬拗“兄弟情”的毛病神TM烦人。。以及凭什么你们白居易那么帅我们李白就得那个形象。。主角了不起啊
        ",二毛,190
64,https://img1.doubanio.com/icon/u73292899-9.jpg," 这个故事告诉我们。男人是不可靠的，猫才会永远在你身边与你命运与共。
        ",李不贱,208
65,https://img3.doubanio.com/icon/u2866549-132.jpg," 3.5。1.枕梦捉妖，千金散尽，幻术尘埃！2.以舞台式奢靡铺陈的极乐之宴，因李白那滴眼泪涌出盛唐没落感，也是全片最动人时刻。3.黄轩搭档染谷，挺有少年气；张榕容演杨贵妃恰到好处。4.遗憾陈凯歌再次败于格局，贵妃墓悬崖上的那株樱树，无法不让我想起当年《无极》里的那一株。5.妖猫显形太早，失趣。
        ",陆支羽,101
66,https://img3.doubanio.com/icon/u7542909-82.jpg," 3.5 最好的还是对大唐盛世的还原，绚丽华美的场景在流畅运镜下赏心悦目。推理过程以及对各种惊奇的展现也都体现出创作上的纯熟。大概原著的长度实在难以缩减成一部电影的时间，剧情发展一直在赶路，到“情”的部分反而显得顾此失彼了。
        ",翻滚吧！蛋堡,144
67,https://img3.doubanio.com/icon/u2049622-85.jpg," 1.5  唉，就是一砸了很多钱弄了不少特效的电视剧，陈凯歌已经完全不会表达情感了
        ",LOOK,257
68,https://img1.doubanio.com/icon/u1214818-9.jpg," 這才是大唐風流。真相在每個人的眼中都不同，而恨總是長留。
畫面華麗而精緻，幻術盛景超乎想象。都是盛唐繁華和人心的展現。
妖貓的恨，可能不止白鶴的怨，還有貴妃的冤。《犬夜叉》描述過一位大師坐寂，追憶一生行善，卻在最後一刻感覺不值得，憤恨，終畢生功力毀於一旦，成為妖魔。貴妃或亦如是。
        ",Wings공주,277
69,https://img1.doubanio.com/icon/u1329080-9.jpg," 贵妃如谜，太白如醉。丹龙如幻，白龙如魔。空海如悟，乐天如痴。好一场极乐之痛贵妃传，好一曲长恨当歌盛唐诗。
        ",芦哲峰,113
70,https://img3.doubanio.com/icon/u1250523-24.jpg," 没有大唐气象，全是5毛特效，那个花萼宫真不如太阳马戏团的帐篷华丽，那黑猫绝对不是猫，那是幻灯机，它就是一直播放PPT，故事讲不下去，就用它播放幻灯片，直接投影，都不用幕布，两个主角，感觉后面有狗在追，一直满城走啊走，是景造多了，要都拍进去吗？
        ",恶鸟,154
71,https://img3.doubanio.com/icon/u42487679-5.jpg," 白居易一个大写的李白迷弟跟杨贵妃李隆基的cp粉
        ",后骨,213
72,https://img3.doubanio.com/icon/u29786206-24.jpg," 中二到极致，就是真、善、美。
        ",琦殿,120
73,https://img3.doubanio.com/icon/u47568852-26.jpg," 极乐之宴真是圆了陈凯歌一个执导奥运会开幕式的梦
        ",郎中,142
74,https://img1.doubanio.com/icon/u14597285-39.jpg," 白居易携日高僧游唐主题公园，遇黑猫放幻灯片破杨贵妃迷案
        ",远子,85
75,https://img1.doubanio.com/icon/u47287341-17.jpg," 整部片子最亮眼的竟然是刘昊然和张榕容，事先真没想到；黄轩感觉不如《黄金时代》，好像有点“松”了，精气神不如以往“集中”。你以为有什么大唐盛世，却发现从来就没有什么最好的时代，弥足珍贵的是，那些少年的少年意气，他们才是时代里最好的气象。
        ",曾于里,123
76,https://img3.doubanio.com/icon/u3551155-23.jpg," 一个导演容易随意升华自己廉价而又不知所谓的感动是一件很可耻的事。他hold不住原著那带点日式癫狂的乱伦戏码，也没办法把唯一的亮点佛法讲透，一个想得天马行空到了脚上却怎么也走不出来步子的人以后能踏实点么？BTW.承天门横街不在平安京是在我真大唐长安，你就不能建宽点&怒而取关木卫二。节操啊。
        ",姬长安,127
77,https://img1.doubanio.com/icon/u1147451-89.jpg," “今宵杯中映着明月，纸香墨飞词赋满江。”雄浑开阔的盛唐气象，写意浪漫的千古绝唱，白鹤少年翱翔于天，爱情的坚贞与虚假在几重文本中交织出的悬疑迷雾；画面绝美，镜头质感不错，后半段逐渐崩塌，剧本还需打磨，台词和表演是重灾区（导演无法卸责），无法承起意欲追求的厚重感。
        ",欢乐分裂,107
78,https://img1.doubanio.com/icon/u2316731-67.jpg," 三星半。旷世真卷，疯魔成活。
        ",法兰西胶片,437
79,https://img3.doubanio.com/icon/u3502859-54.jpg," 剧情空洞、情节媚俗、贩卖情怀、剧本弱智、无知狂妄。。。都不知从何骂起。。虽然我一贯认为陈凯歌是中国电影界沐猴而冠的小丑，但还是被他没有下限的滥情震惊了，白白浪费了一个好的素材。
        ",ivorldn,145
80,https://img1.doubanio.com/icon/u125096249-18.jpg," 陈凯歌这次是翻不了身了，故事也太空洞了，白龙对杨玉环的感情根本立不住，先别追求大唐盛世了，小细节说不通其他都白搭
        ",没有什么不同,156
81,https://img3.doubanio.com/icon/u156940587-4.jpg," 故事没意思，几个日本演员也出戏演技也很一般
        ",横扫硬核,241
82,https://img1.doubanio.com/icon/u65054888-29.jpg," 陈凯歌借妖猫的双眼，让我们看到了极盛时的欢乐，也见到了败落时的无情。
        ",沈十六,244
83,https://img1.doubanio.com/icon/u1042441-29.jpg," 每看一部陈凯歌的电影，心中的那种怀疑就加深了一层：也许《霸王别姬》真不是他拍的？
        ",思郁,81
84,https://img1.doubanio.com/icon/u2018596-419.jpg," 极致的布景美术摄影营造出了导演心中华美的盛世，让痴迷古风奇幻电影的我也沉沦其中，不过将太脸上似笑非笑洞悉一切的表情老是让我想起野村万斋的阴阳师，有意思！看完想立刻去襄阳唐城拍写真！！！
        ",鹿菏,174
85,https://img3.doubanio.com/icon/u1112922-20.jpg," 盛唐气象，包罗万千。看到原著里的大唐风貌和幻术丽人呈现在大银幕上，真真赏心悦目。强力站我轩和染谷CP，好一对俊秀儿郎！或许是美人不许见白头之故，部分更改了张榕容饰演的杨贵妃死亡之谜和结局，将她最美的一刻永远凝固，也把少年那股巨大的痴望推到了极致，唐明皇成为更无情虚伪的象征。
        ",泉の向日葵,451
86,https://img3.doubanio.com/icon/u1196418-181.jpg," 1陈导故事常讲不好，这故事却是完整且层层推进的，可看；2白居易和空海一路逛过去那段非常好，大唐气象铺展开来。但极乐之宴只有华丽没有雄浑，不够大唐气象，S说像主题乐园 ；3空海演得好，白居易也有趣，白龙丹龙清新有少年气，可是，李白丑到哭，杨贵妃和丰艳毫不沾边，两人共同拉低大唐神韵值
        ",桃花石上书生,68
87,https://img1.doubanio.com/icon/u45134592-68.jpg," 【B】许多地方都是非凡手笔，但凑到一起就是团浆糊。内容割裂，探案，盛宴，爱情，人生个个都要沾。主角割裂，空海，白居易，杨贵妃，妖猫，不知该移情于谁。凯歌也割裂，时而低估观众智商，眼神已传达还要塞几句解释，时而又高估，关键主题一带而过。华美与雷点齐飞。片子再长些可能会好。
        ",掉线,34
88,https://img3.doubanio.com/icon/u10233222-33.jpg," 简直不知道在拍什么…
        ",风马牛货集,296
89,https://img3.doubanio.com/icon/u38924359-124.jpg," 超豪華中二瑪麗蘇遊戲「海天盛筵」
        ",寒花,203
90,https://img3.doubanio.com/icon/u142815078-2.jpg," 因为电影票京东白送的才去看。妖猫的视觉效果还可以的，但故事线之弱真是奇葩，杨贵妃会被气活吧。
因为原著是日本的，人设情节都很诡异，看的时候有严重的不适感。

        ",仰望星空,148
91,https://img3.doubanio.com/icon/u141658071-3.jpg," 没有哪一个人物是饱满的，看的很尬
        ",这个胡椒,205
92,https://img3.doubanio.com/icon/u2704850-12.jpg," 看完还在回味。看戏看景看最五光十色的大唐。
                
                ",杨迪,71
93,https://img3.doubanio.com/icon/u1636521-20.jpg," 对这种无内涵的东西毫无容忍度，说是无极2也不为过。
        ",喵小美,197
94,https://img3.doubanio.com/icon/u88439681-2.jpg," 尼玛，陈凯歌哪里进步了，不懂节制，过度乱塞，这不还是他那套破风格么 5.0分★★☆
        ",qw0aszx,146
95,https://img3.doubanio.com/icon/u1043499-85.jpg," 剧透。拍成动画会更诗意…舞台剧feel的推理剧还是可取的，涉及幻象的部分总让人想象今敏会怎么处理，作为写实剧觉得cg和摄影太拖后腿。李白这句“若非群玉山头见， 会向瑶台月下逢。”让人想起叶芝《当你老了》中“在头顶的山上它缓缓踱着步子，在一群星星中间隐藏着脸庞。”，一度窜场。
        ",恶魔的步调,43
96,https://img1.doubanio.com/icon/u1181212-248.jpg," 打四星有点勉强。但真的被片中那场极乐之宴炫晕了。盛唐真的这么炫吗？是不是男人如果变得贪婪怯懦猥琐没担当，无论是一个朝代，还是一个家庭，都会由盛转衰？
        ",丁小云,57
97,https://img3.doubanio.com/icon/u1197169-6.jpg," 这猫的特效是照着豹子做的吧
        ",Frank,127
98,https://img1.doubanio.com/icon/u1752908-27.jpg," 被喷射而出的美学所震撼，这么大刀阔斧的改编依然没有失去原著核心的韵味，观影完毕之时已经泪眼婆娑。
        ",谢谢你们的鱼,146
99,https://img3.doubanio.com/icon/u34347136-6.jpg," 3.5 不论水平，光这个制作体量，全世界除了好莱坞，也就大陆能搞的出来了。
        ",Madison,194
100,https://img3.doubanio.com/icon/u55361585-45.jpg," 假（幻）大（景）空（情），华而不实，有形无神，单薄零散，东拉西扯，不得不说每个角色都让我出戏，代入感不强，说到底都是“好色”惹的祸。看得出导演的诚意，体现在华丽精致的布景上，实景打造的盛唐之美，还算饱了眼福，但心思花费过多，让故事退居二线，没有把握好分寸，没拍成3D真是阿弥陀佛。
        ",尉迟上九,57
101,https://img3.doubanio.com/icon/u1121362-5.jpg," 盛世大唐，妖艳气象。前半部的悬疑格局承载不住历史的厚重，后半部的极乐之宴则崩坏于人物的轻薄。文化意象的荒腔走板，皮相幻术的浓墨重彩，终究沦为《长恨歌》黑白诗行的平庸注脚。
        ",柏林苍穹下,53
102,https://img3.doubanio.com/icon/u10864734-74.jpg," 好难评论这片，很矛盾，它华丽的不像话，改编的也到位，可就还是给人一种空洞感，书中有很多关于儒道佛的见解很独特，影像化无法表现我能够理解，但故事里关于宇宙和生命的密法部分的融合我还是有些不满意。但我还是没办法不喜欢这部片，这气质实在太对我胃口了！
        ",猫语猫寻,77
103,https://img3.doubanio.com/icon/u2342914-13.jpg," 超出预期的视觉盛宴。故事和《神话》很像，都是王蕙玲编剧，都是贵族女性和侍从男性跨越时空的爱情。丹龙出场方式不留痕迹，妙哉。张榕容很美很适合演杨玉环。演员和摄影机的走位有舞蹈表演的层次感，但剪辑很有问题。影片很带种，很应景地提及了文化自信。
        ",小A,60
104,https://img3.doubanio.com/icon/u12544519-52.jpg," 像一副精美的人物画卷，看得深了却觉得自己也在里面。未见之思，未散将约，未尽所信，皆为最好。正如那场极乐之宴，完美的产物总似困梦般，是殊途同归成全一场空。都说是过去，但霓裳盛唐，也依旧说不尽人心里那点空泛，反倒显得孤独经久不衰，活成个挥霍的罪孽。世上若真有不再痛苦的秘密，所言即是。
        ",锐利修蕊,82
105,https://img3.doubanio.com/icon/u1169348-30.jpg," 一部彻底的混血电影，前半段怪谈故事，后半段大唐盛景，同时展现梦枕貘与陈凯歌各自的迷人之处。不过这种奇异的混血感，也会让人产生前后风格不搭/背离的不适感，像是把两个电影装到了一个里面，不过即便如此，前后两段都拍得极为讲究，堪称视觉盛宴。3%绿幕，实景真是太棒了，镜头扫过的唐城太美了。
        ",隐,96
106,https://img3.doubanio.com/icon/u102068147-3.jpg," 空海你为什么总要笑？
        ",UVU,153
107,https://img3.doubanio.com/icon/u3107433-14.jpg," 天啊辛柏青真是太好太棒太牛逼了！！！他眼眶一滴泪，我差点哭粗来[捂脸]
昊然弟弟，可爱，巨可爱。😘
        ",nananana,121
108,https://img3.doubanio.com/icon/u1114759-42.jpg," 走最保守的路线，换最少的骂声。钱太多没办法，只能这样搞。可惜原著中很多有趣的桥段都被忽略，只保留了最俗套的邪典历史与情感纠葛。双男主，一位狂躁过度有劲无处使，一位从头到尾没睡醒的样子。略失望，不过之前预期更低。
        ",荔枝超人,35
109,https://img3.doubanio.com/icon/u42755936-21.jpg," 喜欢！中间节奏稍有问题，白居易跟空海的编排都不能跟妖猫匹配，导致所有矛盾都由妖猫一只猫推动~但很多细节都有笔记小说的出处，画面也深得我心，最喜欢霓裳羽衣曲那变故陡生跟极乐之宴的妖异幻丽两节，陈凯歌拍的就是唐朝的“百戏”风俗啊，文字变成了镜头，太满足~
        ",粟冰箱,64
110,https://img1.doubanio.com/icon/u1011741-67.jpg," 三星的电影，为唐诗加一星吧。美术是好，但我觉得一场极乐之宴陈凯歌老师是为了努力证明自己同为第五代也能导好一场奥运开幕式。李白好，就是台词不讲究。空海的微笑特别禅，衬得旁边的白乐天变成二流话剧演员，靠拔高音量和挥舞手臂表达情感。
        ",NullPointer,35
111,https://img1.doubanio.com/icon/u42136258-27.jpg," “我来自倭国”，一米九的阿部宽说道，像一座塔一样矗立在人群之中。
        ",艺仔墨水笔,41
112,https://img3.doubanio.com/icon/u2447648-24.jpg," 第五代导演到底什么时候能突破这种春晚般的视觉审美啊，而且特效也很五毛钱。这么一厢情愿的浪漫主义情节的确很霓虹，但转换成中文有些台词略尬。以及再次不懂直男家里有张雨绮这样的老婆为什么还要去嫖。最后染谷将太为什么一直蜜汁微笑啊……
        ",gegemoon,41
113,https://img3.doubanio.com/icon/u1505730-12.jpg," 我真的蛮难给这部片子打分，美术没得讲，特别好，大唐幻梦的感觉太美了，前一半其实都挺好的，到后半回忆线开始我就一直出戏到无极……连假树秋千这种元素都一样，就真的觉得陈凯歌很有意思一人，这么多年了换个壳再讲一遍，还是这样特别信奉爱的纯洁无暇，有种天真的浪漫热忱。
        ",三七莲华,57
114,https://img3.doubanio.com/icon/u1783224-20.jpg," 故事是个小的故事，有点过于纠结导致bug，但是太感动了。当经过之前一系列的铺垫终于进入盛唐，然后是渔阳鼙鼓动地来，踏破霓裳羽衣曲。猫啊，猫记得一切。松坂庆子一人也值五星。（然而日本人还是把中国人想得太单纯了吧）
        ",方悄悄2,62
115,https://img3.doubanio.com/icon/u37507203-102.jpg," 1.流连在影像里大唐的盛世风采，雍容华丽；2.前半段的惊悚悬疑非常有趣，印象里很难得能够在华语片里看到此等“真实”的奇幻异象，中间的“极乐之宴”更是一场高潮，高潮之后稍显疲态，最终落脚于一个“爱”字，或许也是难以避免的窠臼；3.诚意之作，值得鼓励。
        ",有意识的贱民,25
116,https://img3.doubanio.com/icon/u1123004-1.jpg," 真的还行。只是看完之后想给《聂隐娘》加两颗星。我去加了。
        ",荞麦,31
117,https://img3.doubanio.com/icon/u1693422-175.jpg," 梦回大唐，服化道满分，场设是亮点，复原了里坊制的长安，吻兽斗拱的细节好评，极乐之宴的太湖石大厅好喜欢，水上森林像前几天去的杉林...看完想去襄樊唐城看看。再次证明日本人最爱的诗人是白居易，《池上篇》影响了日本园林，《长恨歌》影响了《源氏物语》，而《妖猫传》也应《长恨歌》而生。
        ",张大水,49
118,https://img3.doubanio.com/icon/u1663648-52.jpg," 陈凯歌职业生涯挣扎，大概就是一个正剧导演有颗御宅心。其实只是当作一个脑洞大开日本同人文学改编电影来看，并不算太差。即使问题一直都在那…浮夸糟糕的摄影和特技，部分雷人台词和演技…但宽容一点，似乎也能看到多重类型有趣杂糅。那些哥特、玛丽苏、宏大历史叙事、奇幻……可不会雷嘛
        ",Peter Cat,34
119,https://img3.doubanio.com/icon/u1917650-833.jpg," #电影院# 一只白鹤，一条白龙，此间最好的少年（请忽略欧豪的脸，我脑补的是吴磊）
        ",芳汀的花园,44
120,https://img3.doubanio.com/icon/u51610855-20.jpg," 男人靠不住！小猫有真情！这是一部宣传人与小动物和谐相处的公益片～被染谷将太迷倒了～愿意看他笑眯眯的样子看到天荒地老！（玄宗逃出长安被打的那个太监是我朋友的同学哈哈哈哈哈）
        ",太常寺协律郎,40
121,https://img3.doubanio.com/icon/u1239443-24.jpg," 杨贵妃对李白说：“大唐有了你，才真正了不起”？？这是极乐之宴还是延安文艺座谈会？陈大导演什么时候才能察觉自己所谓才华其实是尴尬体质造成的幻术啊
        ",丁先森,52
122,https://img1.doubanio.com/icon/u4193588-7.jpg," 以白居易和空海带动的旁观叙事的确简陋，但不影响我对它的喜欢。爱情是幻觉，盛世是幻觉，连电影本身都是一场幻觉，“同一悬崖撒手，转瞬成空”。一点也不像六十多岁的人拍的，充满了少年气，从形到神都有赤子之心，都还在“相信”，挺好。
        ",萨库拉,20
123,https://img3.doubanio.com/icon/u137990287-43.jpg," 台词大赏：
“我是一个无情的人，可是我却疯狂地爱上了皇帝的女人。”“大唐有了你，才是真的了不起。”
白鹤少年恩爱日常：
“-除了我，你还有谁？
-我还有她！”
“白鹤少年要永远在一起！”
染谷将太在濒临失控的憋笑表情中演完了整场戏。
        ",Laa-laa,77
124,https://img3.doubanio.com/icon/u44203357-95.jpg," 3.5 陈凯歌用心献上一回绚丽华美的大唐盛世，留下一缕背后凄美的轶事奇情。明眸笑容已不再，情思心绪无尽头。再拍奇幻题材，改变很大，在流畅的调度中层层推进解谜之行。但故事还是没能逃脱后面泄气的毛病。相比之下，美术、音乐都更胜一筹。
        ",结冰,136
125,https://img3.doubanio.com/icon/u1742954-115.jpg," 看预告片时觉得陈凯歌这会应该是翻身了，真看了后还是遗憾地只能给三星，原因：故事讲磕绊不吸引人，前面是跳跃思路的侦探故事后面是尴尬的爱情故事，人设属于强行提升，有点立不住，中二气氛满天飘。极乐之宴做的很漂亮，但我觉得也没说的那么神，张榕容真是绝色。
        ",囧之女神daisy,17
126,https://img3.doubanio.com/icon/u3571728-440.jpg," 原著作者是阴阳师的梦枕貘，所以请染古演空海的视角，道出带白居易破案但是坚持没改稿的故事。“唐朝有你，才是盛唐”是导演在自诩李白，而事实上《清平调》就是李白为玄宗写贵妃，所以还是个篡改历史的玄幻故事。还原至多至少会添加主观意想。总之离我理解的大唐，还差一截，一星加给阿部宽和实景。
        ",刘小黛,25
127,https://img3.doubanio.com/icon/u2350371-30.jpg," 后半段全程用旁白推动剧情，变成剧本朗诵会。美则美矣，看完回过头来想想：也没有很美，大概是用热闹的画面把人唬住了。
        ",竹顶针,56
128,https://img3.doubanio.com/icon/u1317275-6.jpg," 台词尬节奏烂，几乎每个镜头都没有耐心去完成。最重要问题：格局小——大唐盛世弄来弄去就这么几个人，折腾半天就这么肤浅的“爱”，成就了一幅幅似乎华丽但假大空的画面。故事仅有能力抠抠镜头前的一点点，毫无“视野”可言，创作心态敷衍中二。拟音粗糙失真，配乐也莫名其妙。即便颜值飚飞都无力回天
        ",U 兔,22
129,https://img3.doubanio.com/icon/u64692199-4.jpg," 就没人觉得丹龙深爱着白龙吗？因为爱，才会有私心的隐瞒，因为爱，才会有那句“你除了我，还有谁”，奈何白龙是钢铁直男迷恋贵妃，丹龙黯然远走，在畅游异国再找寄托时偶得密法，后回长安一生不近女色。册那！这才是长恨歌的正解好伐！在天愿作比翼鸟明明说的是当年从小长大的一双白鹤少年啊！
        ",翰小七,22
130,https://img3.doubanio.com/icon/u1303086-62.jpg," 陈凯歌导演非常依赖完整的故事而不是文学，所以拍李碧华和梦枕貘的效果远远好于叶兆言和徐皓峰。电影观感很好，去掉了原作非常狗血的成分。曹郁的摄影和故事推进紧密结合。可惜表达依旧是空泛、大而化之的爱。至于表演方面，和染谷将太搭戏的应该是刘昊然，黄轩看起来老了10岁。
        ",舒农,73
131,https://img3.doubanio.com/icon/u42097517-13.jpg," 以后讲唐朝的电影都让日本人来演吧。
        ",把噗,54
132,https://img1.doubanio.com/icon/u1338358-18.jpg," 雅典娜·玉环和她一群青铜/黄金圣斗士的故事，其中有一个叫卡尔维诺·阿部宽的迷弟，还写出了粉丝文《看不见的盛唐》。女神之所以为女神，是早已超越肉身，超越一切人间造物，成为至美世界的象征。追光者的灵魂因为有梦可做而永远充满少年气——作为一个有追星情结的人，真的很能GET这部电影。
        ",JulyChan,18
133,https://img1.doubanio.com/icon/u2092105-18.jpg," 这片大约相当于一份米其林三星里摆盘精致的大便。
        ",scaryzion,78
134,https://img1.doubanio.com/icon/u49114638-18.jpg," 看到「为了让所有人都能看到她，皇上竟然想到了这样的办法」，我还以为皇上把杨贵妃做成了风筝。
        ",俏皮面,48
135,https://img1.doubanio.com/icon/u27405327-58.jpg," 画面很美故事很烂。所有企图没想到的，都非常预期的平庸，唯一震惊到我的是，这么多年了，还打秋千呢。
        ",姨妈的鸭,37
136,https://img3.doubanio.com/icon/u58206795-16.jpg," 整体值得一看，但由于主次不分略显散乱的叙事和情感呈现的表面化与单薄，能够打动人的情感乍一浮现便化为了虚浮的泡沫。除了服装布景美术设计上的宏美炫目外，影片最大成功之处是选角都可圈可点，表演也基本到位，张榕容将杨贵妃内里的透彻与寂寞完美彰显，而辛柏青亦诠释了李白的狂放不羁。（7.0/10）
        ",冰红深蓝,31
137,https://img1.doubanio.com/icon/u140183770-27.jpg," 玛丽苏登峰造极了。一星画面挺美，一星李白演的好。不行，还得扣一星，太烂了
        ",Karen,107
138,https://img3.doubanio.com/icon/u60599665-30.jpg," 电影很好看，但我还能保持淡定。出了电影院重新背了一遍长恨歌，我哭了。这首诗熟读十几年，直到今天，我才明白它在讲什么。
        ",肖恩恩恩恩肖,92
139,https://img3.doubanio.com/icon/u57966675-30.jpg," 没想到今年最后一次进电影院是为了妖猫，上次被道士下山坑大了。陈凯歌知道什么是美，不知道什么是故事。奇谈，他能拍出奇，谈的部分力不从心。今年最成功的幻术，不在九州。“他牧云笙纵使半人半魅，哪里比得上我半神半鬼、极尽奢丽的盛唐。”白乐天·黄轩如是说道。
        ",帕罗西汀,64
140,https://img3.doubanio.com/icon/u2748444-131.jpg," 《芳华》在我看来6分的都有7.8那这部8分有问题？加一星拉分。故事逻辑的前后衔接完全没问题，前一个小时也都很好，在开始三十年前极乐之宴盛景后有些收不住，尤其是后半个小时一些戏份台词的兀余感，讨厌杨玉环角色。但不可否认布景美术完美，染谷将太眼睛迷人，黄轩也不像在《芳华》里让人膈应。
        ",张晚禾,38
141,https://img3.doubanio.com/icon/u67121971-1615.jpg," 凯歌牌表演腔，强行推广；老爷的处男心，灌输宣讲；央视节目巨制：档案秘史，两名男主持带你看黄金版PPT，A咖时不时地干吼干叫，可谓情到真时拙也是巧。陈凯歌安坐高谈时的才情显而易见，昔日万事具备，一步登天，如今木桶原理，盛世迷人眼，往前一步郭敬明，退后一步孔乙己——“生死两条路都堵死了”
        ",向简,46
142,https://img3.doubanio.com/icon/u45074177-2.jpg," 所谓盛世，所谓美人，到头来都是一场空，眼见他起高楼，眼见他楼塌了，这样的幻灭才真正令人心痛。幸好在这幻灭中，电影还给了我们一点点安慰，让我们相信，真正的爱情，是可以超越生死而永存的。
        ",慕容素衣,52
143,https://img1.doubanio.com/icon/u4871375-7.jpg," 包裹着所谓大唐气韵的一坨屎。白居易和李白是造了什么孽要被这样刻画？
        ",王大盆,44
144,https://img3.doubanio.com/icon/u1210604-80.jpg," 年度最佳美术，看到最后两人喝的酒带着淡淡的乳白色，我都激动坏了，这才像做古装片的样子嘛。至于其他，这片终于告诉全国人民一个不解之谜的答案：带着小姨子跑了的黄鹤究竟去哪儿了。
        ",SydneyCarton,44
145,https://img3.doubanio.com/icon/u4810525-115.jpg," 我爱极长恨歌，也完全接受这样的另类演绎。剧本的缺陷显而易见，不过我觉得廉价的视觉效果更令我出戏。爱极美工设计，第一次看见如此精美重现的盛唐气象，几乎可以令我原谅一切，那场极乐之宴的戏我甚至希望能再长些，最好永远沉浸其中不要醒来。美是至高无上的，李白落泪时，我也落泪了。
        ",Pearciac,44
146,https://img1.doubanio.com/icon/u1322447-139.jpg," 挺好看。原著底子好，染谷将太好，黄轩不太行。场景美，9.9一张不亏。
        ",JOJOORC/Z,45
147,https://img3.doubanio.com/icon/u2334378-11.jpg," 前一半拍出了陈凯歌心目中的盛唐气象，后一半拍出了日本人对于杨贵妃之死的疯狂意淫。更喜欢美轮美奂的前一半，能看到文人的盛世情怀及幻灭感。
        ",麻绳,72
148,https://img1.doubanio.com/icon/u2626256-118.jpg," 二刷。。也哭了两次。。五星当之无愧。。改编上的确有不少遗憾。。原著一百多万字要塞进两个小时的电影中。。人物塑造还是挺匆忙的。。但是剧情和逻辑都很流畅。。开头悬疑毛骨悚然。。最后揭露真相让人难过。。一流的画面特效和美术置景。。陈凯歌这次真的带来了一场幻世奇景。。极乐之乐！！！
        ",草莓芯,28
149,https://img3.doubanio.com/icon/u1230769-41.jpg," 太白斗酒诗百篇，长安市上酒家眠，倾国倾城杨玉环，情生仇灭乱唐番。
        ",獨孤島主,22
150,https://img1.doubanio.com/icon/u1181949-139.jpg," 果然，他最拿手的故事还是关于背叛。小楼负了蝶衣，玄宗负了玉环，赤龙负了白龙。繁华盛世转样乾坤颠倒，可是爱怎么可以背叛怎么可以辜负？！秦怡老师还安好，太激动了，多加一星！
        ",傻乐的猫,60
151,https://img3.doubanio.com/icon/u55323010-41.jpg," 陈凯歌这次算是把奇幻做到极致了，好在有个靠谱的编剧帮忙兜着。这个剧本、台本写得非常好，甚至比原著更有意思，有很多台词光是读起来就像是大唐遗风。好一出大唐幻术！
        ",余小岛,16
152,https://img1.doubanio.com/icon/u2849243-58.jpg," 唐朝迪士尼首席米老鼠运营官爆爆轩！
        ",shininglove,30
153,https://img3.doubanio.com/icon/u1311269-2423.jpg," 视觉故事都够华丽饱满，“极乐之乐”寓意巅峰后的必然走向势颓，谁还记得那时此间的白鹤少年。可惜没有把长恨歌谱成片尾曲，最后说，像我瓣猫党的钦点片。本来打四星，看到才6.9不平，改打五星。
        ",珍妮的肖像,53
154,https://img3.doubanio.com/icon/u2456828-173.jpg," 去掉了逸势这个人物，情节大多按在了白乐天身上，原著中那些玄妙却难懂的对话也去掉了，不过没有了那些你来我往的拗口对白，梦枕貘的特点也失掉不少。可能考虑到某人的形象，很多少儿不宜的部分也拿掉了。染谷将太跟空海很贴合，白鹤少年也是很好看了。虽然张榕容很美，可还是想看陈红来演杨玉环啊喂！
        ",一口吃掉小蛋糕,54
155,https://img3.doubanio.com/icon/u1018568-1.jpg," 陈凯歌还是一个文学青年啊……电影就像用插图小说的形式把小说念了一遍。
        ",独眼,33
156,https://img1.doubanio.com/icon/u59626068-19.jpg," 难得的不讨厌陈凯歌的电影美学。尽管又是一部表达大于内容，视觉大于形式的作品，但起码前半段真的拍得极好，或许每一位大导演都有自己的盛唐风流梦吧，但故事从极乐之宴开始变得失控，以至于杨玉环成了符号，故事变得沉闷起来，染谷将太和黄轩挺搭，张雨绮是惊喜，与其这样着急，还不如拍成三部曲呢
        ",搬砖侠,13
157,https://img3.doubanio.com/icon/u1293096-21.jpg," 梦回前唐心系贵妃，执迷于盛大幻术的凯歌化身李白被自己感动。翩翩居易羞笑空海组成可爱破案小搭档，妖猫只是引子释放怨恨的同时要揭开冤情为绝世美人谱写新传，张雨绮比张榕容美。实景服化道顶级制作没得说，前后脱节冗长，剧情靠各种讲CG不怎么样。影评人公众号这波吹宣传够硬，媒体提前场待遇不错
        ",seabisuit,36
158,https://img1.doubanio.com/icon/u1367128-7.jpg," 大唐的美好绚烂，世人够资格拥有的只能是瞬间。能留存永久的，在李白和白乐天的诗里。陈凯歌回勇之作。摄影美术都极好，故事信息量太大，两个主角一直作为故事讲述者，人物本身塑造不到位。所以主角貌似是从白鹤到黑猫的白龙……作为一个历史题材爱好者，看到这样的电影，已经很感动，有时间二刷。
        ",摩西不夜奔,13
159,https://img3.doubanio.com/icon/u74586451-2.jpg," 又一部无极式大型跳大神晚会。
        ",假装在纽约,68
160,https://img3.doubanio.com/icon/u1346048-10.jpg," 出差看电影，很好看的故事。所有人，从李白到阿部，到白鹤少年，都是真的爱杨玉环，除了拥有她的皇帝。
        ",锦翼,22
161,https://img1.doubanio.com/icon/u2699021-198.jpg," 貴妃之死CCTV10為您科學揭密！白樂天直呼前朝皇帝的大名也是嚇哭了，「文鏡秘府論」作者除了一臉秘制微笑啥也不會，每個人表情都在浮誇喧囂，這大唐盛世的再現不要也罷，浪費了這豪華陣容⋯⋯at北碚萬達
        ",老醜殘🐰,41
162,https://img3.doubanio.com/icon/u1243334-1.jpg," 我对陈凯歌没有什么特别的讨厌，我带着平和的心态去看猫妖传。但，实在太烂。整体叙事就乱，很多情节疏漏了。格局小，优质，肤浅，想象力差，品位差。这还不是最重要的，最重要的是电影的敏感度都没有了，陈变成根本不会拍电影的人了。剪辑都错，镜头节奏烂，一个简单东西都交代不清楚，太尴尬了。
        ",Chris  一切由无聊开始,14
163,https://img3.doubanio.com/icon/u1030253-145.jpg," 如果把陈凯歌自《霸王别姬》以来的非时装戏（即除去《和你在一起》《搜索》）的鲜明个人风格定义为总是试图在叙事与哲思之间进行拧巴的话，则本片属于陈凯歌第一次在各方面都完成度比较好的情况下妥善地讲完了一个拧巴的故事。很多人说白乐天是陈凯歌的化身，其实拧巴的白龙才是陈凯歌的真实写照啊。
        ",sterdam,22
164,https://img3.doubanio.com/icon/u47893175-20.jpg," 2017年的观影历程以这部片子收尾，可以说是非常圆满了。《妖猫传》的叙事有瑕疵吗？有。陈凯歌能力上有欠缺吗？很多。但这部作品卓越的美学意识，饱满充沛的情感，亦真亦幻的氛围，将后人对盛唐的想象、眷恋与渴慕完美呈现出来。空海与白居易乘船去伎院时，感叹好一个大唐风流啊，这句对白可谓点题了。
        ",李濛 Lemon,14
165,https://img1.doubanio.com/icon/u46752165-29.jpg," 啊？？白龙和丹龙不是同一个人演的吗？？？我觉得我要崩溃了。凯歌巨巨既然这么有钱请宽叔来演一个只会望天的花痴，不如支援一下我这个工作都被川普搞没了的穷困少年，行行好把票钱退给我？？？！
        ",Lycidas,47
166,https://img3.doubanio.com/icon/u44712664-61.jpg," 看了《妖猫传》。对于我这种偏重现实主义题材的人而言，它实在比较一般。唯两处觉得被光影所吸引。一是辉煌的夜色降临，长安灯火，次第点燃。恢弘的盛唐，人们纵饮起舞，靡曲高歌，宽大银幕上演一份盛大的衰颓。二是空海和尚东渡途中，白浪滔天，宛如山峰。颇似旧时所见，心为之动。
        ",从 军 行,19
167,https://img1.doubanio.com/icon/u4215275-169.jpg," 大唐长安，最大王朝，唐玄宗王朝倒闭了！王八蛋法师黄鹤，坑蒙拐骗 ，坑死玄宗的小姨子跑了。白龙没有办法，只好撬开娘娘墓穴变成猫坑人。原本可以是三星、四星、五星的电影，尴尬到通通一两星通通一两星！黄鹤王八蛋，你不是人，我们辛辛苦苦看了两小时，你让你儿子背锅，你还我血汗钱，还我血汗钱！
        ",搪昂昂昂瓷,30
168,https://img3.doubanio.com/icon/u46059501-21.jpg," 沙门空海，诗魔乐天，文艺圈好基友携手解开妖猫之谜，本以为这一次陈凯歌讲故事的底气还很足，谁想后面越发泄气，而且不少角色都有点尬，幸好制作足够吸睛，为拍一部电影而建一座宫城，服饰和美术也超级华丽，该片本身就是一场极乐之宴。P.S.陈红为啥不演个唐代美人，想当年大明宫词多么惊艳！★★★☆
        ",仲山奥理,103
169,https://img3.doubanio.com/icon/u60689518-35.jpg," 要挑刺很容易：野田妹的片尾曲不搭，前半部转场生硬，特效拖后腿，陈凯歌要能把搭实景的精力抽出1%来调教演员，成品质量绝对再上一个台阶。但迂回中把故事讲得丰满，雷人的台词也难掩文本的出色，华丽的实景远不是特效所能比拟，陈凯歌是真的回春了。拿妖猫跟无极相提并论的人可能也就只配看无极了。
        ",凹 凸,9
170,https://img3.doubanio.com/icon/u3110845-21.jpg," 我欠着稿子按耐不住挤出时间看此片是为了什么？！怎么想的把电视剧那套古装+后宫+萌宠+乱七八糟整合到一起？！黄轩和染谷将太就跟两个SB脑残粉一样到处扒偶像私生活，莫名其妙尬笑，莫名其妙发脾气，动机是TM啥？即便是历史人物，也不能不写人物小传吧？想把票根摔陈凯歌脸上：“赔我时间。”
        ",王恶,30
171,https://img1.doubanio.com/icon/u1339093-37.jpg," 看电影的我好像被李隆基抡的高力士，有猫为证，无话可说。
        ",袁长庚,39
172,https://img3.doubanio.com/icon/u73496903-6.jpg," 无法忍受这部片子和心理罪一样都在6分的区间，当然不值五星但真的想偏袒一下提一下分。片子太美了，从匠心打造的盛唐气象；到全片的杨贵妃、前后两段的视角意象；再到张雨绮张榕容刘昊然，统统都太美了。梦回大唐盛世，一股悲允之情结尾全部涌上心头。亦真亦幻啊，很多事情也不都是亦真亦幻的啊。
        ",迦南Canaan,21
173,https://img3.doubanio.com/icon/u2586116-96.jpg," 最开始是奇幻惊悚、后来是爱情故事、再到后来是推理探案，说到底还是对真相的追求。可以算是陈凯歌导演的故事新编吧，当然其实也有故事蓝本，借杨玉环的故事，展现大唐风貌。说点题外话：极乐之宴目呆；色彩斑斓气势磅礴，与老谋子有一比；阿部宽张鲁一同框了；想起江南皮革厂。配白酒二两，观感或更好
        ",方枪枪,23
174,https://img3.doubanio.com/icon/u2379098-43.jpg," 画面是美的，同时也感受到了叙事的绝望，大唐是那个大唐，美人也是那些美人，可大唐男儿都驼背还有点猥琐，陈云樵真的不是映射王全安吗哈哈哈有张雨绮这么漂亮的老婆还要出去piao，丹龙真是单纯不做作的少年，全长安的男人都爱杨贵妃，只有他默默爱着自己兄弟(/ω＼)。。
        ",北斗斋,31
175,https://img3.doubanio.com/icon/u1828063-71.jpg," 也别跟我说这是大唐，作为一个西安人，我可以负责任地告诉你们，这，不是大唐，这是一个没修漂亮的景点。 
        ",小姬,26
176,https://img3.doubanio.com/icon/u4481826-2.jpg," 只认真看了十分钟。片子太谜：白居易全程狂躁，空海你到底笑啥，刘佩琦穿着阿奎拉的衣服，贵妃出场大家列队鼓掌，长安城大得莫名其妙。春琴那句“极乐之宴”最为鬼畜，我一下就笑了。硬要找个优点的话只有服装和布景，但是论妖气，《青蛇》已经证明即使低配也不妨碍产出一种美学。陈凯歌啊。
        ",B仔,15
177,https://img3.doubanio.com/icon/u69290051-92.jpg," 没有意犹未尽，只有欲求不满。如期奉献了大银幕史上最美的印象大唐，故事却如此小家子气——幕布太大，蕴藉太乏。奇情和狗血间无数次只剩一线之隔，所幸最后收住了，但就这么不功不过地结束了。所谓翻身，以为终于不再力不从心，不料却是成于保守。电影成就了幻术，幻术成不就电影。长恨歌，长恨于歌。
        ",Paco,32
178,https://img3.doubanio.com/icon/u2673286-20.jpg," 的确是地摊文学春天到来的代表之作，视听上和工艺上体现了资本和匠人的强大能量，但内核表达上只能说是一代严肃电影人的集体溃败。但这也的确没什么，这种溃败是蔓延所有文化圈的，电影圈只是无能幸免而已。
        ",水怪,14
179,https://img1.doubanio.com/icon/u1212833-17.jpg," 老天爷你真别让那谁有资金再拍片儿了
        ",福 禄 夀,73
180,https://img3.doubanio.com/icon/u4214564-2.jpg," 陈凯歌这些年是不是悄悄地沉溺于电子游戏，导致他的视觉想象力特别像国产页游？虽说迷底越解越狗血，但不得不说剧本的切入点不错：文学、爱情、法术、帝国……都是虚幻。问题是五毛特效和神经病的演员调教拖了后腿，主演都超级欠揍的样子。
        ",路西法尔,22
181,https://img1.doubanio.com/icon/u59237362-8.jpg," 梦回大唐。将心比心，陈凯歌的水准依旧把那些插科打诨的商业片导演甩得远远的
        ",羚羊的灵魂,43
182,https://img3.doubanio.com/icon/u9798607-32.jpg," 1.染谷的MUJI风棉麻僧袍。2.特效略失真，但不影响整体的美，盛世大唐太华美了，唐朝泳池趴儿，不差钱。3.又让美女在天上飞，陈导的迷之趣味。4.刘昊然真雪白干净啊。
        ",皮皮一号,78
183,https://img3.doubanio.com/icon/u52243498-13.jpg," 想了想，还是觉得好。俯拾皆是的浪漫，放浪形骸的天真，白龙少年最纯粹的爱给了最美的人。他们在盛世里高歌赞颂“云想衣裳花想容”，在乱世里责备她误国妖姬。那些烽烟中的一生一世一一消散，留下的只有一面之缘的少年，甘愿为他成魔。一瞬一生一幻梦，到底还是被感动了。
        ",山水烟花,28
184,https://img3.doubanio.com/icon/u2173817-355.jpg," 那对白鹤少年……陈凯歌真是几十年如一日的基：伦家这么爱你你却爱贵妃……伦家好桑心小拳拳捶你胸口……
        ",Drunken Swami,45
185,https://img3.doubanio.com/icon/u4370686-15.jpg," 《妖猫传》：陈凯歌常被蔑视权威者调侃和诟病，是因为他专注探讨人性、不屑于表现人情，因此你看到的虽是“杨玉环与爱她的男人们”，但内在是洞穿“人心像妖猫一样黑暗”的人性之恶。“一只黑猫引发的血案”颇具奇幻色彩，摄影服装布景音乐全方位打造的大唐盛景甚是养眼，黄轩的白居易有点滑稽。★★★
        ",鲸鱼君,25
186,https://img3.doubanio.com/icon/u57004536-34.jpg," 春琴-杨玉环：色蕴；观众：受蕴；白龙-乐天：想蕴；陈云樵-唐玄宗-高力士-晁衡-安禄山-陈玄礼：行蕴；丹龙/瓜翁-空海：识蕴。陈凯歌想说色即是空，然后用《妖猫传》这么一部大型幻术照见五蕴皆空。最后的「无上密」也就是这么个意思。从《无极》开始，这爱说教的老毛病真是十几年没改过……
        ",冰山的阴影,6
187,https://img3.doubanio.com/icon/u1596469-14.jpg," 真的是决心接受了“讲大道理”“戏剧腔调”的设定来看的，还是一直睡着。实在是太无聊了。
        ",张春[阿卡纳],22
188,https://img3.doubanio.com/icon/u18194188-65.jpg," 感觉12年一轮回，陈凯歌又重新拍了一版《无极》。
用东方美术呈现的魔幻题材，以戏剧章节演绎的炫彩画卷，这些大手笔下依旧是爱与背叛的矛盾，一切都似曾相识。
优点：借助悬疑的外壳让故事能站得住脚，前半部节奏与气氛掌控水准很高，配乐画面都是一流；
缺点：后半部有些拖致使真相揭秘时力道不足。
        ",罗弘霉素,11
189,https://img3.doubanio.com/icon/u1928576-2.jpg," 被众多大V吹嘘的大唐盛景，却是一看便知的临时性模型和动漫版的诡异画风，寡淡如水的现代台词，和夸张、无厘头、生硬的表演，让人如坐针毡，对于历史的胡编乱造和极度轻佻的浮躁态度让人发指，后半段又煽情过度，极度冗长，唯一的贡献是，或许能让之前猛烈批判《芳华》的人，对冯导多一分敬重和理解。
        ",江海一蓑翁,21
190,https://img1.doubanio.com/icon/u4403626-327.jpg," 极乐之宴的奢华正是盛极而衰的起点，真实的人物和事件在此番改编中被赋予了全新的意义，可惜啊，这炫丽的文本最终只呈现出了视觉上的丰满，彩色表象下的灰暗内核却未被深掘。
        ",托尼·王大拿,21
191,https://img3.doubanio.com/icon/u57783734-241.jpg," 与西方不同的黑猫意象解读，盛唐光景还有日本历史对杨玉环的执念，都齐齐融合在这个关于爱和重逢的故事里。两代诗人的万千心绪用这样“造作的华丽”（褒义）体现得淋漓尽致。精致得不像一个要上杆子赚票房的“贺岁片”，实在是好于预期吧。染谷将太演得真好，看到秦怡来客串也惊喜。
        ",基瑞尔,39
192,https://img3.doubanio.com/icon/u1078855-5.jpg," 为叙事减一颗星；想说的很多，但是不知道该如何准确表达；肯定会有人说美术浮夸到极致，但是我要说这种浮夸确实把梦的感觉做出来了；所有演员的演绎我都喜欢，但是张雨绮排第一；就算有叙事问题，但是这片绝对不烂；值得进电影院。已经计划去逛襄阳唐城了。
        ",老阿飞—故园,8
193,https://img1.doubanio.com/icon/u2574034-9.jpg," 很难评分，肯定不是烂片，特点很突出，但离好片还差那么一点。可以接受混血儿杨玉环。极乐之宴太小气了，偌大一个唐帝国搞宴会竟然在这么狭小的空间，连大型歌舞都没法展现，更别说八方来客，宾客如云的场景。
        ",千寻亿选,0
194,https://img1.doubanio.com/icon/u4051316-9.jpg," 不是炫技特效片，不是魔幻志怪片，是凄美动人爱情片，被黄轩和染谷将太吸引来的，却被刘昊然迪迪圈了粉，我一定不是一个人
        ",突然粉碎,130
195,https://img1.doubanio.com/icon/u54007119-7.jpg," 当爱受到荼毒时，老年派最先想到的是自己的利益，只有少年，才敢在面对不平时毫不犹豫地反抗，对权威说一声“不”。
        ",名字里都有个狐,40
196,https://img1.doubanio.com/icon/u35546552-19.jpg," 希望能好好说话不要作诗，希望染谷将太不要微笑
        ",你大立,54
197,https://img1.doubanio.com/icon/u4665983-87.jpg," 得亏买的是九块九的电影票。画面极美，但是剧本有很大问题，对原著四卷做到了取其糟粕去其精华。对白烂得让人想跪下求他们不要说话，放PPT就可以了
        ",玄辂,27
198,https://img1.doubanio.com/icon/u39949295-127.jpg," 每一个角色都很耐看且有个人特色，人物的还原性非常高，代入感很强；最后是奇幻的主题加上摄影的严谨性，让整个画面都变得非常壮观，有一种想要不停探索的神秘感。
        ",大甜甜发财葵,90
199,https://img3.doubanio.com/icon/u70129337-11.jpg," 老实说，是失望的，两大卖点“盛世长安”和“奇幻悬疑”没一个达标。匆匆一瞥的一个长安全景，甚至还不如《大明宫》纪录片里的渲染图好看。“极乐之宴”篇幅太重很多只是单纯为了画面好看而存在。白龙丹龙戏份一多，推理断案就变成跳跃式。演得最好的是张雨绮你们信么？另外，中唐之前是严格执行宵禁的
        ",垚,31
200,https://img1.doubanio.com/icon/u1434290-229.jpg," 若是角川春树鼎盛时代能搞这么一次大制作，想来定会有无穷乐趣，所以看着现在的角川左傍老字号东宝右靠新暴发户大陆资本，心里还真有些伤感。但无论如何，感谢角川让梦枕貘遇上了陈凯歌，能够理解梦枕貘那份浪漫且曾经实践过的中国一线导演大概也就他一人了。
        ",godannar,3
201,https://img1.doubanio.com/icon/u1404256-88.jpg," 一个华丽的回到大唐的梦。故事里面嵌套故事的构造类似于博尔赫斯——确实本片太文本化了，通篇的解说太满，镜头的作用被弱化；也像是巫鸿所说的重屏，镜像和文本的互相映射、互相阐释。部分角色如空海、春琴过于生硬，两个少年的乱入略显狗血，画作出现穿越，但全片真的是令人惊喜、惊艳，尤其各种壁画
        ",申屠有涯,7
202,https://img1.doubanio.com/icon/u1349081-398.jpg," 老实说有点失望，本来可以好好讨论人性，一代帝王是如何把一个女人推出去当牺牲品，那种无助时刻的自私，多赞的题材啊！不好好拍这段，偏偏加入太多不必要的元素，搞得乱七八糟，只能靠视觉效果来拉评分。还有，陈凯歌肯定没养过猫，太忠贞，失去了猫的傲气，已经是妖狗传了。
        ",账房先生,18
203,https://img3.doubanio.com/icon/u1356900-21.jpg," 陈凯歌的心智永远无法超越初中生水平了？
                
                ",能工巧匠沙门哥,22
204,https://img3.doubanio.com/icon/u1105865-80.jpg," 缺点其实有很多，但不妨碍我哭成一只傻逼。可能这就是我最会被戳中的故事吧，生死，我执，世事一场大梦。
        ",琼斯黄,33
205,https://img3.doubanio.com/icon/u52286623-2.jpg," 3.6星。1.陈凯歌对“美”的理解冠绝华语导演，服。2.剧本一般，前半段铺垫太拖导致即便本片悬念做的很好但后面观众已失去解谜兴趣。3.迷之微笑的和尚有迷之萌点。4.刘昊然真让人感慨“青春少年是样样红”。5.杨贵妃挺美，但是再丰腴点就好了。6.这部电影里有你爷爷那辈的女神秦怡，你发现了吗？
        ",what'swilliam,14
206,https://img3.doubanio.com/icon/u1113821-83.jpg," 这是要pk张国师大型运动会开幕式钦定导演名头的节奏，早该埋葬的一颗有毒少年心，偏偏要涂抹深情，就像一场大型幻术，聊以自慰而已。
        ",沉默的玩,13
207,https://img3.doubanio.com/icon/u12440690-4.jpg," 美工4星剧情2星综合3星~盛唐美态比重太轻了 线条散乱 人物塑造生硬 多次是被黄轩一惊一乍反应过激吓到的而不是猫或氛围 张雨绮声音好矫情啊听着特难受特出戏
        ",HaGaU,8
208,https://img3.doubanio.com/icon/u1978083-1.jpg," 疯魔与执念，我们以为陈凯歌是白乐天，其实他是白龙，最后他还是白居易。生既是死，死既是生，用杨玉环来为大唐做祭品，就像陈当年把自己当做大秦的吕不韦，政治化的二次解读，最后还是落在情上。极乐之宴太美，毁之不忍。
        ",Luc,51
209,https://img3.doubanio.com/icon/u1104319-25.jpg," 盛唐、杨玉环、唐诗，对这三点有兴趣，就会对《妖猫》有兴趣。没兴趣，可能就会觉得索然无味。导演可能太爱太痴迷，个别处有点用力过猛，但确实满足了我对“大唐盛世”的全部想象。妖猫就是个幌子，梦回唐朝，亦真亦幻，栩栩如生，非常爽。
        ",少言,13
210,https://img1.doubanio.com/icon/u2458096-7.jpg," 把已经消逝的美好，复活了给你看。然后当着你的面，一点一点全撕烂。
        ",科学家种太阳,21
211,https://img3.doubanio.com/icon/u141055297-3.jpg," 英文片尾曲响起的时候我报警了
        ",bibabo,29
212,https://img3.doubanio.com/icon/u60372840-66.jpg," 星翳灯幻，露梦电云，仿佛置身奇境，中或不中因人而异。上下阕对应结构巧妙，尽管下阙节奏微恙，大唐风貌还原至此我为之倾倒，台词略糙的酒中仙醉意恰好，乐天耿空海禅，玄宗外放阿倍内敛，白鹤少年情深以命酬…想加个俗气的副标题-爱之无上密，贵妃是最早参透它的人，接纳有瑕之爱，仍将旧物表深情。
        ",天籁zzz,7
213,https://img3.doubanio.com/icon/u1197974-26.jpg," 努力回想了一下，的确有一种坐了俩小时，但主要看了十分钟太阳马戏团的感觉。
        ",婴儿葛葛,27
214,https://img1.doubanio.com/icon/u1751895-19.jpg," 导演脑子坏了。看过部分原著，电影化的改编没有任何才气老套的无趣。格局贼小 ，语焉不详，前后割裂，人物塑造混乱故事不合理。奇幻部分样子好看然而是浪费钱而已。演员调教为零体态难看。阿部应该被叫汉人名字吧。不过宽，眼睛里面有个温情的世界，美！
        ",逻姬恨剧透,21
215,https://img3.doubanio.com/icon/u4278255-102.jpg," 怀念不久前的盛世和前朝国母也是棒棒哒。既然能说出“有你才真是了不起”这类台词，说明陈凯歌已经深得夕阳红念旧美学的真谛。当然平心而论，在追忆马嵬坡之前还是能看的，后半部为了同一个话题絮絮叨叨无穷无尽，完全电视剧化了，只好和染谷将太一起憋笑XD
        ",鬼腳七,9
216,https://img3.doubanio.com/icon/u74943737-6.jpg," 陈凯歌还是挺厉害的，能把每个人都拍的跟神经病一样，牛逼。
        ",迩鹿,50
217,https://img3.doubanio.com/icon/u2773384-15.jpg," 剧情槽多无口，但是服化道真棒。。。还有昊然弟弟真英俊。。。感觉可以为了这些强忍着看看热闹。张鲁一给阿部宽写“极乐之乐”的时候，莫名想到了我们家少班主在相声里说的那句话：“爸爸的快乐你想象不到！”太出戏了，没绷住直接在电影院乐出声了。
        ",何茫茫,6
218,https://img1.doubanio.com/icon/u2169835-38.jpg," 全员演技在线，画面甚美，染谷和黄轩可爱，杨蓉蓉这脸竟然毫无违和感，张鲁一化身张撸猫和阿部宽撞脸……电影不值五分不过我想给它拉分数，在多数导演都不好好拍片的现在，陈凯歌竟然导演魂上线了！
        ",艹曰十犭瓜犭瓜,56
219,https://img3.doubanio.com/icon/u1676639-41.jpg," 大唐盛世“顶级炫富式瑰丽”真的存在吗。爱欲明灭，如握烛火。电影有许多bug，但人生轮回也有许多bug。
        ",野象小姐,21
220,https://img3.doubanio.com/icon/u1407587-60.jpg," “汉皇重色思倾国 御宇多年求不得 杨家有女初长成 养在深闺人未识 天生丽质难自弃 一朝选在君王侧 回眸一笑百媚生 六宫粉黛无颜色。。。”电影版的长恨歌。
        ",刘小昭,16
221,https://img3.doubanio.com/icon/u50900048-32.jpg," 得亏有原著打底，凯歌这次难得没失手，尽管仍算不上什么佳作，尤其绿幕特效和配音太毁质感。前半段那糟糕杂乱的叙事编排几乎让人以为又直奔烂片而去，而恰恰就在后半段镶套的那个真正要诉说的故事真相里看到了他久违地，又一次去尽情抒发着自己曾经的浪漫情怀，仿佛不再考虑任何后果，竟生出一丝感动。
        ",纬誺,9
222,https://img1.doubanio.com/icon/u2856002-39.jpg," 如露如电，如梦如幻，短暂而繁华的盛唐似一场幻术，几乎所有沉浸其中的人都不愿醒来。然而盛世是假的，诗也是假的，就连永不分离的誓言也可以轻易破灭。真正的爱隐身于少年的羽衣中，传颂于诗人的篇章上，倾泻于贵妃绝望的眼神里，溃散于永不复现的极乐之宴。
        ",颜落寒,5
223,https://img3.doubanio.com/icon/u120873248-4.jpg," 太绝望了...深爱自己的男人设计害死自己...你的美是盛世大唐的标志，死亡则是大唐盛世的覆灭，让这一切像幻术一样随记忆消亡吧...
        ",寻找1895,36
224,https://img3.doubanio.com/icon/u2206329-131.jpg," 这样的节奏开始让人惊讶的有些不知所措，落幕那一刻才恍然大悟，这是一部属于东亚的宗教电影，是一场华丽的幻灭，是一场浓艳的挽歌，是一场如瀑布般流淌后的干涸，是一场盛极而衰的灰飞烟灭。我想那一刻我懂了陈凯歌，每一个民族都有他们梦中的盛唐，但谁又阻止的了它命中注定的哀泣轮回？空悲切。
        ",盲忙,34
225,https://img1.doubanio.com/icon/u4021932-9.jpg," 《妖猫传》把大唐盛世的恢宏磅礴展示得淋漓尽致，IMAX的呈现更显美艳绝伦，视觉体验畅快舒爽。杨玉环则被当作了大唐盛世的象征，大唐衰败，她则成了红颜祸水的代表。空海和白居易各自追求各自的执念，杨玉环成了众人追求的象征，成了欲望的显像。
        ",苍井暖,50
226,https://img1.doubanio.com/icon/u1264081-8.jpg," 从《道士》里的民国野味药局，到《妖猫》里的盛唐迷幻大趴，凯歌导演倒是越来越嬉皮了……
        ",皮革业,24
227,https://img1.doubanio.com/icon/u2223174-29.jpg," 能把这样的故事拍出来其实很不容易，它说轻太轻，说重也重。有人吐槽斥巨资却勾勒了这样浅薄的故事，但这部电影的重恰恰就是以此为依托的，尤其是作为西安人，真切感受到从极盛到极衰的落寞与无力。也怕是只有大唐才扛得住这样肆意想象的盛世。
        ",某J。624,2
228,https://img3.doubanio.com/icon/u120233657-1.jpg," 《妖猫传》、《奇门遁甲》评分较低
有个非常重要的原因
中国大部分观众都是看《西游记》长大的
还不是很接受画符、法宝之外太玄幻的表现手法
本来应该4⭐，因为分太低，打5⭐
                
                ",黎叔,34
229,https://img1.doubanio.com/icon/u89464147-17.jpg," 分数竟然这么高！刚从电影院出来，一肚子话想吐槽，整部电影的故事讲的很一般，剧情真的很扯，黄轩虽然是主角，但是丝毫没有只出现了几个画面的刘昊然有存在感。极乐之宴的场景确实美，值一星。但是因为极乐之宴的描绘有点太过了，显得喧宾夺主，削弱了整部电影的故事性。
        ",达康书记,33
230,https://img3.doubanio.com/icon/u1128015-11.jpg," 这次真的不雷，场景非常漂亮。猫演得超好加一🌟，radwimps的歌加一🌟
        ",阿子-,27
231,https://img3.doubanio.com/icon/u51061132-46.jpg," 明知道白居易全程像蓝猫，知道剪辑跳跃让人不时出戏，知道走出影院以后细细想来，故事甚至有点狗血，但是，他娘的，我真喜欢这部片子！打个五星以正视听，应该是这个档个人第一了吧
        ",indicent time,13
232,https://img3.doubanio.com/icon/u35767782-264.jpg," 年下狗算什么，年下猫才戳人心窝窝啊……
        ",l ǐ,22
233,https://img3.doubanio.com/icon/u1044635-42.jpg," 看到《芳华》和《妖猫传》的评分差距，就知道了：这批观众还是更吃卖情怀那一套啊！陈凯歌如他自己所说不屑找点宣传，于是就有了不公的结果/群戏丰满，演员用得特聪明/缺点在猫的特效、调色和录音。另外，运动镜头过于密集（可能真的是想学新福尔摩斯？），配上吵闹的音效，稍微有点儿忙忙叨叨的观感
        ",桃子,17
234,https://img3.doubanio.com/icon/u1666383-355.jpg," 60/100 没想到需要猫来表演的感情戏这么多…也没想到电影拍的如此啰嗦，叙事基本靠对白，很多布景虽美但是显得可有可无，选角也别扭。赞美一下腐男陈凯歌坚持优良传统，继续展现男性之间的微妙感情。
        ",SELVEN,11
235,https://img3.doubanio.com/icon/u1014188-36.jpg," 凯歌老师造的这个主题马戏公园，虽然意象偶见庸俗，但的确可称美轮美奂，只不过所有情节也都需要若干导游，不停在耳边念给你听才能向前推进。好在故事是完整的，比无极强，亚洲大电影，精神可嘉。
        ",viennavirus,11
236,https://img1.doubanio.com/icon/u76028606-98.jpg," 原著属于几流的同人小说我不感兴趣知道， 但本片剧本逻辑和美术造诣实在太差，实景搭建融入现代元素后非但没将唐都图景呈现，反而加剧与古典背景趋远的浮夸感。杨玉环一角既被影片设想的骗局杀害，同时也死于剧本之手，她不应有哪怕一句台词甚至近景，唯有如此才能保留其作为时代记忆的神秘魅力。★★
        ",文森Vincent,23
237,https://img1.doubanio.com/icon/u1205892-9.jpg," 这片的主角是大唐盛世，其他人都是导游，白乐天和空海是跟团导游，阿部和黑猫是景区导游……
        ",为人帅表,10
238,https://img3.doubanio.com/icon/u1577739-80.jpg," 任性一回：现在的豆瓣评分越来越不靠谱了，这片4星以下都是眼瞎。
        ",战国客,24
239,https://img3.doubanio.com/icon/u3978407-40.jpg," 挺好的题材，本来小有期待，结果硬是给拍乱了。爱情线太复杂，当事人太多，对每个人物的刻画都不足，徒有皮囊，怎么就爱成那样惊天地泣鬼神了？难道只是为了一个皮囊？……空海来大唐探寻极乐之道本应该是一条很有意义的故事线，硬是给压缩得无足轻重了。还有混血杨玉环也太诡异了。两亮星打给服化道。
        ",Y.Phoenix,27
240,https://img1.doubanio.com/icon/u46047251-57.jpg," 前面以为是讲小动物和人的感情了，后来发现还是讲的披着小动物皮的人和人的感情，啊，失望。
        ",阿措,14
241,https://img1.doubanio.com/icon/u1644690-8.jpg," 三星半。半星额外加给我喜欢的梦枕貘。还是那个擅长借史喻爱，喻人心的作者，染谷弟弟稳。想记的桥段很多，最动人心是那巨浪中怀抱孩子的女子的那句话：“孩子睡了，我就不怕。”白龙的复仇也是，震惊全城的灿烈复仇，一切只因那脆弱如烟的花而起。没有中二之魂非要纠结大唐真相的人不如都去看芳华啊。
        ",菜菜,14
242,https://img3.doubanio.com/icon/u1011382-5.jpg," 尼采说“每一个不曾起舞的日子，都是对生命的辜负。”明皇鼓舞，禄山惊破。繁华一梦，马嵬曲终。《妖猫传》不仅是梦枕貘和陈凯歌对于盛唐的迷思，更是沙门空海和中唐白居易对于杨贵妃和唐玄宗灿烂的爱情故事的探问。繁华到了极致，骤然而来的就是破败。顺流逆流，御风而行，黑猫白龙，幻化无穷。
        ",云飞扬,6
243,https://img3.doubanio.com/icon/u1026712-83.jpg," 节奏还是急啊……
        ",水木丁,25
244,https://img3.doubanio.com/icon/u37757576-15.jpg," 我都怀疑这个片子时长五小时……
        ",八卦er,69
245,https://img3.doubanio.com/icon/u1431401-681.jpg," 一个私生饭引发的血案
        ",男娼起义,22
246,https://img3.doubanio.com/icon/u25531582-12.jpg," 比原著好但仍不尽人意。同无极的诗化表达，和侦破悬疑破案都不沾边，就像一场华丽的今日说法，全程台词讲解。但也拍出了雄奇浪漫惊艳的气象。杨玉环的指代欠节制。猫演的最好，配角也都很出彩。主演就别吹了不过是个勉强及格。导演的艺术感悟力想象力表现力可谓顶级，为什么不找些靠谱的剧本演员呢？
        ",白胖饺子,6
247,https://img1.doubanio.com/icon/u1781395-107.jpg," 剧情不能要求太多 毕竟梦枕貘各种原作也是个每况愈下难圆满的走势 陈凯歌也不能要求太多 毕竟道士下山已经拉低到不能再低 亮点全在染谷将太身上 没熬到看片尾不过这中文水准……应该是配音的吧 片子放到日本映或许比较讨喜 暗荣CG一样的中二
        ",文泽尔,14
248,https://img3.doubanio.com/icon/u1508098-40.jpg," 小说《妖猫传》的尺度和容量都挺大，改编的难度不小。披着盛世唐朝的皮，随着时间推移，剧情如剥洋葱般抽丝剥茧，后面不断的反转，能自圆其说且也在情理之中，说到底，绕不开的依旧是人的执念与人性的孤独。
        ",Hachiko,48
249,https://img1.doubanio.com/icon/u51771089-78.jpg," 这片再次证明了陈凯歌根本担不起大导的名号。故事结构太死板，不见一点灵气。而且电影里渲染的杨贵妃那种极致的美，张榕容也根本担不起，连带令刘昊然黄轩很多行为都缺乏说服力。美得倾国倾城又勾魂摄魄，感觉现在的华语女演员削精光，范冰冰都够不上，我只能想到彼时的王祖贤。两星全给大赞的美术
        ",社会桃儿,23
250,https://img3.doubanio.com/icon/u93158337-195.jpg," 可以想象，陈成功将小说那种类似附庸国对于宗主国的想像视觉化了。在华丽实景中，观众跟着日本角色（空海、阿倍）成为想像建构过程的目击者，去体验那种充满敬畏的马可波罗式的大唐气象。这种视角于我却带来了对本国历史的震荡性解构，视效的确不错，但从头到尾我都欣赏不来。另外，陈用猫来自喻？
        ",犹在镜中,26
251,https://img3.doubanio.com/icon/u15755741-20.jpg," 怎么说呢。感觉是人到油腻的中年的时候终于有资本拍出了少年时翻涌在心头的繁华盛世和少年诗人的风流。意外喜欢和尚和清狂又带点落魄诗人的组合。至于情啊，爱啊，只能叹一句:“醒时同交欢，醉后各分散。”毕竟拱手天下哄美人一笑的人，大多都亡国了。反正历史是这么教育我们的。
        ",从容,56
252,https://img3.doubanio.com/icon/u1355591-31.jpg," 奢华至极，苍白无力。大唐繁锦，心亦往之；爱之肤浅，味同嚼蜡。没有灵魂的美丽躯壳，大体如此。
        ",影随茵动,19
253,https://img1.doubanio.com/icon/u47579409-107.jpg," 就还挺怪的，我从头到尾都在疑惑，染谷将太在笑什么
                
                ",Jaqen H'ghar,11
254,https://img3.doubanio.com/icon/u4581247-80.jpg," 这不大唐阴阳师嘛，梦枕貘真的很喜欢双主角破案模式，一个负责胸有成竹调戏对方，一个负责傻乐傻激动。【去找原著看了】除了剪辑碎，前后节奏断层，算是过关了吧。极乐之宴那段，感觉，像是陈凯歌拍给央视春晚的样片？
        ",雾留分儿,8
255,https://img3.doubanio.com/icon/u2515299-15.jpg," 极乐之宴之前满分，之后就垮掉了。看前半部以为是要借贵妃缅怀盛世，没想到最后就真的只是缅怀贵妃。
        ",魏知超,11
256,https://img1.doubanio.com/icon/u4285566-29.jpg," 陈凯歌不仅拍了奇幻版杨贵妃传奇，更展现出中国人想象中的盛唐瑰丽奇景与古代诗人风貌，难得！美术布景之绝美属国产片之巅峰。张榕容造型尤为惊艳。日本做的黑猫特效不错，幻术过于夸张但不做作违和。悬疑破案的整体风格和徐老怪《狄仁杰》相同但更好看。可惜后半段说书赶集般地带节奏略仓促。三星半
        ",汪金卫,19
257,https://img3.doubanio.com/icon/u34760380-103.jpg," 讲的就是几个粉丝求而不得的悲剧故事吧。我居然可以理解。白鹤少年、遣唐使、猫、白居易都迷恋贵妃，乐天迷恋的还有盛唐气象、李白文采，十分文青了。不过拍唐如果只用华灯流彩，民风开放，人人唱诗跳舞的元素，也挺可笑的。弄得好像已经进了全民不事生产，文学治国的状态。太空中楼阁了。
        ",曼殊君,15
258,https://img3.doubanio.com/icon/u2109766-25.jpg," 看到那么多五分我简直怀疑看的是不是同一部电影……陈凯歌一如既往的对“讲故事”这件事没有掌控力，也没有可圈可点的角色和演员。三星全给美工。不过看到说李白猥琐的，谁说才子就得是清俊少年，看看古龙的照片……
        ",莫邪,20
259,https://img3.doubanio.com/icon/u40820151-504.jpg," 片子本身是可以给到四星的。美术太美了，所有的妆服，道具，构图，摄影，都是极致的美。盛世之唐的文化自信，令人泪目。看似铺陈奢靡，但却很奇怪的看出清朗的少年感，也许因为黄轩，也许因为昊然弟弟，凯歌导演对女性的审美很棒，不猥亵不鸡贼。给到五星是因为，今年和老公第50部影院电影，修成正果
        ",子衿,25
260,https://img3.doubanio.com/icon/u40820151-504.jpg," 片子本身是可以给到四星的。美术太美了，所有的妆服，道具，构图，摄影，都是极致的美。盛世之唐的文化自信，令人泪目。看似铺陈奢靡，但却很奇怪的看出清朗的少年感，也许因为黄轩，也许因为昊然弟弟，凯歌导演对女性的审美很棒，不猥亵不鸡贼。给到五星是因为，今年和老公第50部影院电影，修成正果
        ",子衿,25
261,https://img3.doubanio.com/icon/u3185846-3.jpg," 看完心情久久不能平复，一直激动到现在啊！！！演员的演技也是可圈可点，非常值得一看！！
        ",fearlessyz,239
262,https://img1.doubanio.com/icon/u1027016-77.jpg," 1、张榕容真美。2、大唐真美。3、想象力真美。4、幻术里也藏着真相。5、李白，大唐有你才真伟大。6、把美好的事物毁灭给你看，就是悲剧。
        ",aaron,14
263,https://img1.doubanio.com/icon/u23344187-49.jpg," 这不就是带中国元素复杂加强版《化猫》么…不过我吃这套！啊，故事好浪漫…啊,布景好美…啊，张榕容好看…啊，配乐好听…啊，张雨绮的声音好魔性（陈红：那是被妖猫蛊惑的声音…笑）坐在新彩云前排最中央，感觉快被吸进画面里！…啊，下一场《芳华》要开始了，没时间写了呀！已经中国梦了……
        ",OTCIO≯,4
264,https://img3.doubanio.com/icon/u2197640-32.jpg," 画面是极尽华丽之能事，少年心气是可贵，但混乱的剪辑、情绪的突兀转变、时不时过于夸张的表演方式还是分分钟让人出戏不止…让我们在流畅、合理的基础上，再来讨论其他的可好？
        ",倾内,11
265,https://img1.doubanio.com/icon/u1776318-7.jpg," 上一秒还觉得这李隆基不行下一秒披发击鼓竟然被折服了（？？？
        ",李大毛,21
266,https://img3.doubanio.com/icon/u2063361-15.jpg," 画面服美不错，剧情有点呃…幻术师都能整春晚大舞台了，马嵬坡变个死人糊弄官兵还不是小case？杨贵妃不够丰腴；染谷将太全程蜜汁微笑，好担心他串戏到俺们都是超能力者掏出个飞机杯；白居易一口一个李隆基杨玉环胆子也是够肥；看他俩不用门票四处逛景点好生羡慕；李白酒鬼画风好评。
        ",王别树,12
267,https://img3.doubanio.com/icon/u2858771-10.jpg," 对《妖猫传》，不同的人看出了不同的故事，有人看出了爱情，有人看出了悬疑，有人看出了唐诗的伟大，但是在我看来，这些都不是这部电影想表达的，我觉得这部电影是专门为盛唐拍的一曲挽歌。
        ",资深梦游,11
268,https://img3.doubanio.com/icon/u4556683-34.jpg," 杨玉环的美超乎我的想象，回眸一笑可倾国。成年男人的爱啊，不但要她死，还要怀着对自己的爱意和希望而死。那些生前说着如何爱她的男人们，死后都任由她静静在野外荒墓腐朽，没人再愿施舍一眼，因为她已经不是那个能带来极乐之乐的美人了。所以她死时那么渴望听到爱的表白，一旦死了爱也就散了。
        ",王小亚,11
269,https://img3.doubanio.com/icon/u1140816-93.jpg," 吸猫吸出精神病，拖稿拖成失心疯。
        ",艾晨,7
270,https://img3.doubanio.com/icon/u43316233-16.jpg," “电影是一场盛大的幻术”。白乐天与空海沿着妖猫作乱的谜面，探寻到“天长地久有时尽，此恨绵绵无绝期”的谜底，对真相的揭露充满着对历史、对官方说辞的质疑。唐城恢宏、幻术瑰丽，绚烂之下却是无尽的隐痛，陈凯歌梦回盛唐要传达的不是文化自信，反而是文化自省。
        ",沐梵,23
271,https://img3.doubanio.com/icon/u62974457-11.jpg," 《无极》《道士下山》后只求陈导把事讲好不雷人，这勉强达标吧。前段像狄仁杰，故弄玄虚做悬疑，后段有点浪费前段铺陈，大侦探空海抱本书开讲来龙去脉，奇幻解构“马嵬坡悲情”，浓墨重彩极乐之宴，美术华丽，符合大唐基调，倾国倾城的杨玉环半空荡秋千还是想起“无故站在房顶”的张倾城，导演就好这口
        ",瓦力,15
272,https://img3.doubanio.com/icon/u2243815-1585.jpg," 昨晚看了《妖猫传》觉得跟《绣春刀》里的杨幂一样，男人在面对权力的时候会选择牺牲爱情，连这份牺牲也会披上华丽的袍子：朕多想替你死，但这样无法与你白头，用法术让你长眠之后再唤醒，其实只是想让贵妃带着对他的爱和希望死去！大唐繁盛时贵妃就是大唐，大唐衰落罪孽就是贵妃，女人永远是牺牲品
        ",didi's,12
273,https://img1.doubanio.com/icon/u4181809-58.jpg," 用亦舒评价李嘉欣的话---美则美矣，没有灵魂。
        ",开膛手贝塔,52
274,https://img3.doubanio.com/icon/u3831198-23.jpg," 这是一部黑猫警长和聪明的一休联合破案的故事
        ",北木,18
275,https://img3.doubanio.com/icon/u2160141-4.jpg," 一场幻术 一字不改。疯狂、神秘、执迷、目不暇接。（BTW，片尾曲来首英文歌真的合适？还有，染谷将太这算不算笑场？）
        ",科林,8
276,https://img1.doubanio.com/icon/u2099751-168.jpg," 根本不知道故事的主线和逻辑是什么，碎的满地掉渣。影院里看国产电影的观众也是最差的观众，从头到尾聊天聊的此起彼伏。
        ",寂静海,52
277,https://img1.doubanio.com/icon/u3703176-189.jpg," 趣味低级和以为人民群众和他一样趣味低级。
        ",江上,28
278,https://img3.doubanio.com/icon/u1131801-3.jpg," 1.哪个导演不想有这样的美术置景玩；2.我特别理解白居易；3.节奏有问题；4.但是连续出现好几个好喜欢的男人，这还不够够的了~
        ",盘子,4
279,https://img3.doubanio.com/icon/u1143412-34.jpg," 带着羞耻感的喜欢 拍出一种滥情的追星族情怀 女神永远是女神 少年永远是少年 玉环不是皇上的 是座儿的. 陈凯歌最擅长的袁四爷爱程蝶衣题材倒真是很配合日式中二的“守护美女” 内核 当“漫改”看会一本满足 极乐之宴审美很差 几乎cctv 我会二刷
        ",蒜|想死趁现在,9
280,https://img3.doubanio.com/icon/u34993230-3.jpg," 非常可爱非常美好的片子，角色可爱人物可爱，画面美好人物美好。正片的画面比预告片更美好。陈凯歌讲故事水平还是很好的，开始的时候觉得前面节奏有点拖，后来看了一下总片长就还好。总之是个虽然有时自带吐槽会让人笑场，可是还会让人惊叹感动的片子。
        ",宁小莞,16
281,https://img1.doubanio.com/icon/u3703176-189.jpg," 趣味低级和以为人民群众和他一样趣味低级。
        ",江上,28
282,https://img3.doubanio.com/icon/u49097402-173.jpg," 艺术家对完美女性形象的痴迷，艺术真实与现实的探讨，整体内核非常《迷魂记》。不过在华丽外表下，一切都显得十分浮夸与虚幻，并没有真正做出幻想与现实的对立感。后半段直接以日记揭晓大部分真相，也让前半段的侦探部分变得毫无意义。
        ",西帕克,4
283,https://img3.doubanio.com/icon/u49808759-51.jpg," 虽说是商业片，但整部片子用心（和钱）把盛唐美感砸的特别到位，而且出人意外的很有“生活气息”，加以诗歌，加以层层递进的故事，传递出来的还是陈凯歌那个熟悉的，极致浪漫的感觉。
        ",威锐,16
284,https://img1.doubanio.com/icon/u42147851-17.jpg," 如梦如幻的绚丽场景，亦真亦假的爱情故事。一种美的享受，也是对于这种美的追忆和向和向往，执着是真的，爱都是真的。
        ",苏听风,4
285,https://img3.doubanio.com/icon/u1292181-371.jpg," 你们所有人都是拜杨玉环教的教徒吧…真是邪教似的…
        ",殇潮|Enigma,9
286,https://img3.doubanio.com/icon/u1560879-3.jpg," 非常有意思，虽然宣发在谈盛唐气象，但看时会让人深刻体认它骨子里是一部日本小说，讲了个盛世九相图。剧本末段松懈，谜面京极夏彦推理东野圭吾谜底清凉院流水。剪辑和表演有瑕疵但可原谅。美术很好，视效与表达息息相关，万般繁华与寂灭倏来倏去，简直是两小时九州密罗术展播。四星。
        ",默语生,10
287,https://img3.doubanio.com/icon/u2195576-53.jpg," 迷弟乐天羞于发表自己脑洞的杨玉环和李隆基的同人爱情诗，不敢与李太白比肩，附身黑猫的白龙看不过去，需要有人传颂他和杨玉环的故事，领着乐天圣地巡游一圈，逐渐揭开故事的真相。还没来得及感叹再也不相信爱情了的乐天，又因为白龙（黑猫）的故事重拾人间真情，故发表《长恨歌》。
        ",云吞老丸子,6
288,https://img3.doubanio.com/icon/u57904601-11.jpg," 一星给美术，一星给专业演员。扣三星，情节无聊，后面越来越有“无极”的感觉，差点要看困呢。杨玉环这个形象完全不符合唐朝的审美要求，一点不丰满，居然找混血儿演员真是呵呵。陈凯歌的电影我以后不想看了，该退休吧。话说霸王别姫真的是他导的吗？真无法想象，怎么觉得陈红毁了陈凯歌的电影呦。
        ",狐狸飞,14
289,https://img3.doubanio.com/icon/u128016627-21.jpg," 和尚从头到尾到底在特喵的笑笑笑笑什么啊，黄轩那疯魔样子演的痕迹太重，极乐之宴我非常不喜欢，尽管可能很多人觉得好看吧。我觉得等待了这么久的爱，很美，仅此而已。
        ",荔枝白羊悅,4
290,https://img3.doubanio.com/icon/u1417227-80.jpg," 三星半 故事很老套 但美術真的很強 前半段我有點要睡著 但後半段的故事讓我頻頻想起《笑傲江湖 2:東方不敗》沒有對錯 只是還是暴露了男人在愛情面前 常常會出現的軟弱 
        ",莫呼洛迦-屁股上的青春在歌唱,6
291,https://img1.doubanio.com/icon/u4479976-68.jpg," 陈凯歌就像在狼人杀游戏里被狼推，又被民踩的角色，近些年每次他新片出来都会被群嘲，这次的《猫妖传》很好看呀，场面调度和镜头都挺高级的啊，摄影美术更不用说了，可豆瓣居然连7分都不到，我朋友圈里好多非影迷也都在说好难看之类的，真是心疼陈凯歌！
        ",方洛洛,7
292,https://img3.doubanio.com/icon/u35440836-21.jpg," 捉妖记都能6.8,综合考量这个6.9不太公平吧,强行打五星假装一下自来水(⍬⍸⍬)
        ",废桃,42
293,https://img1.doubanio.com/icon/u35827809-27.jpg," 什么妖猫，明明是妖豹。 什么染谷将太，明明是万国鹏。什么幻术，明明电影就是幻术。极乐之宴从名字到布景都让我联想到《3D肉蒲团》
        ",深夜的阿斯伯格,26
294,https://img3.doubanio.com/icon/u24139618-3.jpg," 画面配乐极美，故事讲述称不上完美，但还是很凄婉动人的。美轮美奂的幻术和登峰造极的大唐盛世非常合拍，特效虽多却不会让人觉得腻烦。更难得的是演员们演技都在线😂。
        ",国宝,49
295,https://img3.doubanio.com/icon/u69818763-3.jpg," 一星为李白打call，其实杨贵妃才是最懂幻术的，给男人“我有在关注你哟”的错觉。跟白龙说我懂你的苦，夸阿部宽送的玛瑙好。勾引完两只小鹤和阿部宽后来找李白（这贵妃也太忙了）说您的诗写的真美，李白很酷的表示我的诗不是写给你的，于是成为唯一没有中幻术的男人。
        ",刺猬炒栗子君,32
296,https://img3.doubanio.com/icon/u2244959-962.jpg," 剧情如何中二先放一放根本没指望剧情……几个长安城的长镜头用的也挺漂亮的。但那啥极乐（海天？）盛宴特技太假了吧，差点以为到了春晚杂技节目……老陈想拍华丽感为什么可以找The Great Gatsby那种特效啊，浮夸得多么器的好处……总之作为一个只求养眼的肤浅观众表示失望。珍爱绳命，远离国产电影。
        ",★Lachesis★,2
297,https://img3.doubanio.com/icon/u122795297-1.jpg," 提前看了导演见面场。
一部不错的商业片，感觉像神探夏洛克加上哈利波特。比狄仁杰要强一个档次。
        ",力仁,113
298,https://img1.doubanio.com/icon/u58560470-59.jpg," 来，大家一起来找茬。哈密瓜是南宋时期最早文献记载，在明朝都是皇家贡品。西瓜是唐朝灭亡后五代时期传入中国。白居易可以不避名讳直呼玄宗为李隆基。驱魔降妖居然不找天师符的天师，却要找学生倭国的和尚。
        ",Master Who,14
299,https://img3.doubanio.com/icon/u42783599-11.jpg," 还在庆幸花了9.9买的vip卡座票，回来一想打车来回花了11，路上买了15的蛋糕吃，还夹了娃娃花了20。你们说我亏不亏！！
                
                ",猪排排,50
300,https://img3.doubanio.com/icon/u1122822-291.jpg," 冲着美术去看的，大失望！完全没有《夜宴》和《聂隐娘》来的好，猫像标本！也不萌。仔细一看植物还用的是塑料的（吐）白居易全程尬和空海太妖，两个人无CP感，不动白龙为什么要和猫换身体，不是应该鹤吗？没有演出黑化少年像佐助，大蛇丸那样的邪气
        ",木西muxi,9
301,https://img3.doubanio.com/icon/u59746204-6.jpg," 莫名其妙极了，佛教界没人出来骂人吗……以及很想看陈尚君老师的影评🌚🌚🌚以及陈凯歌医治中国电影之前可能要医治一下自己的脑子，祝他晚年幸福了
        ",Basil,26
302,https://img3.doubanio.com/icon/u2312918-45.jpg," 小刘 猫咪 盛唐 故事弱，电影还是比芳华好的
        ",灯塔以西,33
303,https://img1.doubanio.com/icon/u2637868-8.jpg," 一部关于白居易《长恨歌》创作背景介绍的怪力乱神电影。李白、晁衡登场，大唐气象恢宏，长安和极乐之宴大场面表现不错。剧本一般，不是我喜欢的。两榜进士白居易对李白真膜拜呀，李白圈粉无数。“李白，大唐有你才真的了不起。”杨贵妃这台词很可玩味。去过几回西安都没关注大青龙寺，下次去可以看看。
        ",楊從周,11
304,https://img3.doubanio.com/icon/u57870764-6.jpg," 落实了陈凯歌被附体 他体内的妖怪不知道是谁
        ",养蜂夫人,19
305,https://img3.doubanio.com/icon/u1548489-31.jpg," 选角和表演扣分。造景跟服饰算是有苦劳，很努力看得出来。摄影可以加上点分，还是被剧情扣回去了。探案解谜在自身体系内是可圆的，情节重头放在这部分为佳。可惜前半部沉迷卖弄建筑装饰，懒于人物与细节，动机不足，致使谜底揭开时非但毫不感人，还透出一股浓郁的玛丽苏网文气息。同事称古装《小时代》
        ",小斑,10
306,https://img3.doubanio.com/icon/u1479659-31.jpg," 活像一个故事讲到第二幕突然意识到自己初期大纲建构有很大问题但没时间了只能硬着头皮硬编下去的半成品。
        ",水果君,14
307,https://img3.doubanio.com/icon/u3739650-26.jpg," 没有一个人物是丰富饱满的，强大的议程设置，高度系统化的隐喻符号，将历史戏说投射为现实图景，说明文化复兴就是一场幻术，我们应该面对当下“一半胡人血统”的自己，不要被那盛世虚梦的炽热灼瞎眼睛。这部谏圣电影，我喜欢后半段，尽管马嵬坡部分剪接有点乱。3.5
        ",南悠一,72
308,https://img3.doubanio.com/icon/u2889558-1083.jpg," 刘昊然太好看了
        ",A L E X,13
309,https://img1.doubanio.com/icon/u26384755-19.jpg," 陈凯歌这是想证明自己也能导奥运会开幕式吗？
        ",拐子流星锤,18
310,https://img3.doubanio.com/icon/u63902849-93.jpg," 看完真不失望，四星吧，美术特别好，染谷将太演的和尚空海特别传神，张榕容也特别美，整体都很有日本美感。
        ",浩子菌🐋,19
311,https://img3.doubanio.com/icon/u15401327-3.jpg," 没受过无极的伤害，这个算是被惊艳到。太华丽了，盛宴。导演风格真的太不同了，跟侯孝贤的聂隐娘完全两个路数。故事讲的没问题。多给一星是觉得导演能从无极走出来了。这有多少年没戏拍了。
        ",Sabrina,2
312,https://img3.doubanio.com/icon/u46389146-2.jpg," 《无极》还曾经想表达一种思想，《妖猫传》连思想都没有啊。《无极》里陈导还有一些基于个人经验的内容，《妖猫传》只剩他对唐诗情怀的一点醉意，但用了30亿来放浪形骸，到头来还毫无内核，哎……
        ",probe,3
313,https://img3.doubanio.com/icon/u93124222-46.jpg," D＋/ 恍惚间回魂的似乎不是杨玉环，而是曾经站在知识分子话语体系中提出疑问的陈凯歌。“都是幻术。” “那幻术中什么是真的呢？”  这个问题真是太当下又太沉重了。
        ",寒枝雀静,12
314,https://img3.doubanio.com/icon/u72903755-3.jpg," 我也中了这场幻术。
        ",若锦,23
315,https://img3.doubanio.com/icon/u4276408-3.jpg," 杨贵妃死亡迷局之猫的报恩之神探白居易与成人版柯南破案的故事！
        ",爱玩的大胡子,14
316,https://img1.doubanio.com/icon/u1440883-38.jpg," 电影虽然披的是奇幻外套，追的是匠人情怀，讲的是壮美盛唐，然而，终归还是逃不过情这个字。
        ",馆君,13
317,https://img3.doubanio.com/icon/u7315956-50.jpg," 华丽但空洞，盛唐绮丽无深情，电影亦如此，陈凯歌这几年的电影均是开局良好但是中后段疲软，归根结底还是简陋的叙事撑不住描摹盛唐幻灭的文人野心，空有气势罢了。
        ",安德烈大叔,20
318,https://img3.doubanio.com/icon/u1313629-2.jpg," 通篇充满了文人骚客的矫情跟腻歪，加上日式的意淫和解谜推理，再混搭一丝丝对威权以及人性之恶的不痛不痒的批判和思考，再把杨贵妃加黑猫变成咒怨里的迦椰子，就是《妖猫传》。好在美工做的还不错，摄影跟录音也挺好，音画视听享受还是有的(就像陈的前作《道士下山》唯一的“看点”居然是音效)
        ",喵喵咩,8
319,https://img3.doubanio.com/icon/u1170656-2.jpg," 我看了两遍，一遍是普通2D，一遍是IMAX，IMAX会让人卷入其中，所以更推荐后者。电影本来也是幻术，但其中确实有真相，人对于真相的解读会有差异，所以我喜欢这部电影，愿意二刷。不痛苦的无上秘，电影中揭示了，但知道了也未必能够做到，三十年、五十年也未必能够放得下执念，盛唐气象也是个执念，因为
        ",萧秋水,12
320,https://img1.doubanio.com/icon/u2629298-7.jpg," 五颗星太少了，不知如何用言语来形容对这部片子的喜欢。提起陈凯歌的时候，可以不总把《霸王别姬》挂嘴上了。任何评论都是苍白的，决定多看几遍。
        ",胡弃暗,15
321,https://img3.doubanio.com/icon/u1079160-93.jpg," 邪典传奇片→白居易传记励志片(还在想一定是日本汉学家之作)→福尔摩斯兄弟探案片→大唐盛世美颜片(张榕容的杨贵妃实在难以服众)→爱情片→盗墓片→悬疑片→狗血多角恋伦理片。变化太多太啰嗦，到最后完全没耐性看它72变了，最后半小时应该剪掉。@长沙友阿完美世界
                
                ",慢先森,6
322,https://img3.doubanio.com/icon/u1217525-1.jpg," 满城尽带黄金甲的波涛汹涌，80奥运的斑斓色彩，换了陈凯歌又何尝不能做到？演技与叙事依旧是最大问题，黑猫瞳孔的变化与涉水后依旧衣裳干爽的低级错误实在令人发指，而国际化的心魔依旧如泰山压顶，试问，一个骨子里日系、皮囊是唐朝、结局响起英文歌的究竟是什么？极乐之宴，古时此时，都不过一场幻术
        ",近似无限透明的蓝色,1
323,https://img3.doubanio.com/icon/u127718630-1.jpg," 先说演员，染谷将太和黄轩演技都在线，演员点赞！剧情我也挺喜欢的，主要是画面感也很好，值得一看，还是算很不错的片子
        ",狮子兔821,383
324,https://img3.doubanio.com/icon/u1895576-11.jpg," 看了个两小时多的大型春晚开幕式
        ",舟菖蒲,31
325,https://img1.doubanio.com/icon/u54998502-7.jpg," 俩基友男主，一个傻白甜，一个没表情，李隆基和李白装逼尬演像痴汉。剧情无聊拖沓，从极乐宴开始挤牙膏一样，一段一段的鸡肋。最不过眼的就是嘲我大唐无人，向日本寻驱邪法师～，然后白居易屁颠屁颠的跟在后面像个傻子～，不断的“我知道了，那就是说，，，”
        ",潇雨,6
326,https://img3.doubanio.com/icon/u2583895-30.jpg," 一见误终身。这样的感情，在现在这种世界又有多少人能理解？陈拍出了大唐的气息，the floating world。
        ",Danny,18
327,https://img1.doubanio.com/icon/u55475210-7.jpg," “李白 大唐有你 才是真的了不起”
喜欢《妖猫传》  跟喜欢《午夜巴黎》一个道理 和整个时代邂逅 这场狂妄的臆想 对我来说是一剂良药 眼眶有股热泪 淌不下来 全是伤感和渴望  李白 杨玉环 毕加索 菲兹杰拉德 海明威  多想见见这些人 亲眼看看那些惊心动魄 璀璨失落的时代 
        ",闷人自便,10
328,https://img1.doubanio.com/icon/u58244021-29.jpg," 3.5 「天长地久有时尽，此恨绵绵无绝期」俨然一个盛世唐朝，极乐只为霓裳羽衣，这场串连前朝今世的因缘相生被装入流光溢彩的幻术表演，既然无所谓虚实，那也就无爱无恨；事实证明陈凯歌还是没有放弃对「无极」的探索，哪儿有什么不悲伤的秘密，除了自欺欺人的独守，那便只有放下一切四大皆空了。
        ",ChrisKirk,2
329,https://img1.doubanio.com/icon/u30395883-29.jpg," 每一次对陈凯歌都会期待，是相信他有无尽才气。在这部电影中，他的文人才气发挥到极致。他给自己造了一个大唐盛梦，这场梦美得登峰造极。但故事方面，和以往一样，他参与之后，显得略“割裂”，但还好这次割裂没那么“难受”。了解了一下原著之后，觉得这样还不错。黄轩台词太可怕了！
        ",马 夋,14
330,https://img1.doubanio.com/icon/u1033322-8.jpg," 张榕榕美得惊人，妖猫比芳华热度低的原因还是故事太漂了，这种魔幻浪漫主义比较吃亏。
        ",文西,4
331,https://img1.doubanio.com/icon/u1123223-28.jpg," 导演对特效是真上心，剪辑蛮厉害，就这故事抡圆了花钱也不管观众在不在乎这猫的命运，主角猫的感情来得相当中二，太长了困死了根本没抓到叙事重点
        ",苏乏,12
332,https://img3.doubanio.com/icon/u1822772-2.jpg," 3.5吧，本该是一个3小时的故事，为了向资方低头也只能拍成这样了，好故事，还可以的文本，没有空间（以及一些具体的技术问题）拍好，创作者很多都能理解，但大众却不买账，这么一部片子在两个群体中造成这么大的相互抵触，很遗憾很遗憾，如果陈凯歌都没有本事拍上下集，没资源的小导演更没戏了，市场啊
        ",五指毛,2
333,https://img3.doubanio.com/icon/u1763979-6.jpg," 五星不是给电影的，更不是给陈凯歌的。妖猫传之于陈凯歌，正如英雄之于张艺谋，在叙事范畴都被文本诉求吞噬了，但他们都给出了自己的中国现代性美学：张艺谋寻求的是与西方现代主义结合，凯歌寻求的是大东亚文化圈的同构。因此，他们在追寻纯粹的道路上，都来到了法西斯美学的殿堂：殊途同归。
        ",梦魇马戏团,6
334,https://img3.doubanio.com/icon/u1246009-81.jpg," 人人都爱女猪脚系列。群体性精虫上脑引发的一连串血案。故事杂乱无章，两个男猪简直就是智障。妖猫的爱情好高贵，高贵过所有的别人，那些无辜妓女随便死死也没关系咯~自私到极致的“爱情”实在令人作呕。盛唐盛唐，并没在电影里感受到“盛”，就觉得贵唐马戏杂耍水平堪称世界一流。比无极垃圾多了~
        ",瓦达西瓦又又又桑只爱这巧克力,3
335,https://img3.doubanio.com/icon/u46959346-75.jpg," 叙事节奏充满一种古怪的动漫感，名侦探柯南之长恨悲歌。黄轩究竟是经历了什么从推拿里实力小生变成欧豪刘昊然这种流量系呐喊小生？张榕容水晶一般的表演slay全场，对得起六宫粉黛无颜色的名号。黑猫和她一起作为唯二的演技担当。
        ",Pulvinus,14
336,https://img3.doubanio.com/icon/u62469238-2.jpg," 美术和摄影没得挑。前半段非常好，切到30年前的戏以后就开始臃肿。很多为了展示景观，但对推动情节和人物没什么用的戏。用了太多摇臂镜头，虽然运镜顺滑，但是打断人物之间的交流，感觉一刻都不闲着，没有聚焦点。黄轩一到情绪激动的戏，演技局限就都出来了。不过故事至少讲圆了
        ",爱幻想的小孩,9
337,https://img3.doubanio.com/icon/u2342503-1356.jpg," 这种不知道到底要挂在哪的超高千秋好像在无极里也看到过，是不是导演的一个情结？
        ",friendbeast,12
338,https://img1.doubanio.com/icon/u50493379-269.jpg," 看来梦枕貘毕竟是个卖畅销书的 借杨贵妃的日本梗  添油加醋搞乱伦还写了17年 无上密的主题也就是无极2.0还不如1.0版本的好 放下大片大导演大诗人的身份 这点钱留着以后拍一带一路上的彭丽媛不好么 为什么我老觉得空海重头到尾是淫笑最 可笑的片尾曲
        ",澐≡⊥≡趐,8
339,https://img3.doubanio.com/icon/u2201715-15.jpg," 太遗憾了。再讲述一个不疯魔不成活的故事多好，可惜那种幻灭感在白居易愤怒的一刻便散掉了。不应该有人爱杨玉环的，她不应是一个容器，只有当她成为施予者，那种幻灭感才成立。也许陈凯歌只是不敢，他看重的只是那段浮华的极乐盛宴。
        ",嘟嘟熊之父,15
340,https://img3.doubanio.com/icon/u3980916-2.jpg," 应该是国产年度最佳了吧，有故事，有态度！话说观众们应该放过凯歌导演了，他在片中一直念叨：都变了，都不是原来的那样了！放下执念，才不会痛苦啊！
PS：陈导演太纯情了，第五代都这样吗？拍女人都特深情，我旁边女的哭的泣不成声是怎么回事？！张导有静秋，冯导有林丁丁，陈导有杨玉环！
        ",恋恋风尘,50
341,https://img3.doubanio.com/icon/u2201715-15.jpg," 太遗憾了。再讲述一个不疯魔不成活的故事多好，可惜那种幻灭感在白居易愤怒的一刻便散掉了。不应该有人爱杨玉环的，她不应是一个容器，只有当她成为施予者，那种幻灭感才成立。也许陈凯歌只是不敢，他看重的只是那段浮华的极乐盛宴。
        ",嘟嘟熊之父,15
342,https://img3.doubanio.com/icon/u2282183-13.jpg," 一部很挑观众的电影，注定会评论两极分化，导演不愿也不甘心讲一个简单的故事，于是草蛇灰线，虚实对照，解构重组，个人觉得一星扣在贵妃临死前让阿部表白，略有讨好日本市场之嫌
        ",王神爱,12
343,https://img3.doubanio.com/icon/u4026585-2.jpg," 这些年来，张鲁一始终保持谦逊低调的姿态对待每一个角色。《妖猫传》里的唐玄宗在张鲁一的演绎下呈现出多面性格，在“极乐之宴”这场戏中，尽显“宇宙之王”的桀骜与浪漫，特别是击鼓的镜头，眼神中带着邪魅之气，虽然这段“鼓戏”在电影中仅出现短短几秒，但张鲁一却在空闲时间反复练习对角色潜心打磨
        ",杀手里昂Leon,4
344,https://img3.doubanio.com/icon/u46825265-5.jpg," 场景画面是真美，陈凯歌的美学概念用来展现玄幻版大唐盛极之美倒不违和。前半段剪辑微乱，有些片段插入的莫名其妙。本质上还是个爱情故事，那么多人爱慕杨玉环，可最终用真心有勇气相伴一生的唯有一人。黄轩和染谷将太这两个人好萌啊！我宽叔台词说话的机会太少了。三星半
        ",touya,3
345,https://img1.doubanio.com/icon/u48194135-7.jpg," 盛唐幻夜，诚不欺我！！！看着少年们打马从长安街头奔过，那不就是我最爱的场景“春风得意马蹄疾，一日看尽长安花”“骑马倚斜桥，满楼红袖招”吗？！还有小白龙那句，不许你们活埋贵妃！一句话，却万万胜过李隆基的帝王之爱。少年的爱慕，带着初见时的骄傲，却偏偏能为之上穷碧落下黄泉。（二刷了！）
        ",笙歌慢行,30
346,https://img3.doubanio.com/icon/u1142233-5.jpg," 20171223管庄。华美，繁盛，各种美术细节都很棒。不过大概也仅止于此吧，就像那场大唐盛世的极乐之宴，空洞的华丽。和之前的作品一样的，陈导在后半程往往不加节制，将情感渲染的过浓，剧情退居次席，情绪表达成了主体。前半程挺棒的，但是还是很可惜，后半程昏昏欲睡。3.5
        ",影迷董小长,2
347,https://img3.doubanio.com/icon/u4679354-11.jpg," 染谷的每个小眼神儿小表情都太可爱了！！！！！！五星全部给染谷！！！！！！ps 极乐之宴那段儿就跟全国人民围成圈儿看春节联欢晚会似的太热闹了哈哈哈哈哈
        ",ice_e,19
348,https://img3.doubanio.com/icon/u82095351-3.jpg," 1.猫还是人类的朋友。2.故事推动依靠强行解释和强行发问。3.还是外来的和尚会念经。4.只有唐朝人和现代人说白话文。5.白居易得了狂躁症，喜欢乱走乱跑。6.比无极好看。7.黄鹤老板可以凭借幻术还了3.5个亿。8.片子最用心的是建筑包工头，虽然那根桩子是空心的。
        ",故事与她,37
349,https://img1.doubanio.com/icon/u73627633-29.jpg," 除了还原了一个浮华喧嚣的大唐盛世外，剧情并没有太多的期待，后面部分看到想睡觉😪整个影院购票的时候显示是满座，实际现场的人数却寥寥不到十人，第一次经历并且相信了刷票房的这一说法！！
        ",木对 木对,56
350,https://img1.doubanio.com/icon/u146036817-8.jpg," 这个电影给人的感觉就是剧组真有钱啊，豪！可以看出陈导想要极力打造盛唐时期的风貌，视觉盛宴，很震撼！故事情节在这里就显得有点弱，有的地方给人一种故弄玄虚的感觉，总体还不错
        ",月末呜呜,10
351,https://img3.doubanio.com/icon/u56704795-30.jpg," 虽然一些细节经不起推敲，但我还是要给出五星。这场梦太美了，白龙回到洞穴，看到树下巧笑嫣然的贵妃的一瞬间我眼泪就出来了。小和尚的霓虹口音很萌，黄轩的白乐天少年气和那股子明知自己不如李白但还是不服气的样子很打动人，以及包括李白的醉醺醺在高乐士衣服上写诗也很戳点。这是我心中的大唐啊。
        ",_Mond,22
352,https://img3.doubanio.com/icon/u1997849-43.jpg," 今年最期待奇幻色彩的妖猫传，因为不拼演技，不讲笑话，不讨好观众，只能靠故事。我很喜欢围绕杨玉环的爱情故事，众人羡慕的万千宠爱，于当事人是一种恐怖的被霸占，又容易是万人推卸责任的对象，而她所期望不过是普通的被爱，花想容 确实不是写给她的，反映的是大多数人的对她仅存的印象。
        ",Mr.Raindrop,23
353,https://img1.doubanio.com/icon/u35986570-9.jpg," 被张榕容美哭了，谢谢谢谢陈凯哥导演，大唐盛宴极美，张榕容极美。
        ",油炸绿菠萝,36
354,https://img3.doubanio.com/icon/u52283286-4.jpg," 并没有觉得新作有多么优秀。诚然服化道特效什么的美则美矣，不过so what？电影又不仅仅是这些东西。更何况陈凯歌又不是没拍过大场面，二十多年前的《荆轲刺秦王》这种中国电影史上绝对一流的史诗巨作不比现在强太多？虽然他觉得自己作品水准一以贯之，别人怎么说无所谓，还是希望他能有更好作品
        ",MoverH,6
355,https://img3.doubanio.com/icon/u1068489-4.jpg," 一味的盛大、繁复、精美，何尝不是想象力单调的表现。两星给做工，一星给2D。问题（观感上的别扭点）太多了，黄轩不够自然的表演，染谷将太的迷之微笑，拿到日记后叙事的割裂感…最致命的还是，顶级幻梦应该似为真，妖猫复仇终究太假了，陈凯歌没构建出逼真之真，情感和概念也就没法落地，多半靠说呗。
        ",chongbei,8
356,https://img3.doubanio.com/icon/u1934307-75.jpg," 感觉陈凯歌导演骨子里有很文人很少年很纯真的一面。影片前半段好极了，因为美学修养让他尽情铺展了盛唐的画卷，后半段却又无极了，因为表现念念不忘，其实不必一直念出声…隐约觉得他其实知道又秀女神荡秋千是会被嘲笑的，但他还是做了，真任性。
        ",lakeblur,8
357,https://img3.doubanio.com/icon/u2315257-63.jpg," 这片和《芳华》有个共通点，在执拗强势的导演身后都站着一尊摄影大神。罗攀是用打破轴线法则的镜头展现动感，曹郁是用诡谲多变的光效写诗。看完真有种中了幻术的感觉，何为正史，何为野闻，统统变得不再重要。开元盛世一瞬间，陈凯歌梦回少年。
        ",Obtson,5
358,https://img1.doubanio.com/icon/u2318888-119.jpg," 故事有点无聊，画面还是一流的（一个疑问：陈凯歌为啥不让自己儿子演一个白鹤少年？）
        ",半岛璞,25
359,https://img3.doubanio.com/icon/u1341888-14.jpg," 12年还没走出《无极》，立意之低还是看脸，叙事剪辑乱七八糟，人物没有形象，群演出境，海报服饰有褶皱…不能忍受！！
        ",那是当然,10
360,https://img1.doubanio.com/icon/u2086353-237.jpg," 王八蛋黃鶴的前世沒跑了 哎呀 我覺得這個故事節奏不夠時尚 毫無細節令這個大唐跟張藝謀的大唐沒啥本質區別
        ",十個雪碧,4
361,https://img3.doubanio.com/icon/u3000463-23.jpg," 美。各种意义的美。各种形式的美。各种意向的美。流光溢彩美轮美奂，加上曹郁的运镜，视线都被操控，看到的全是巧夺天工的美丽和气派。为一部电影生生造出一座城，推开的每一扇门都能让观众体会到那种厚重感。盛世繁景如梦似幻。看完这一部，我立刻想起了那句话：电影，就是造梦。
        ",夏树今天红了吗,14
362,https://img3.doubanio.com/icon/u2949240-43.jpg," 宫廷庙宇、亭台楼阁、街市井巷、酒肆茶楼一应俱全。这才有了电影里恢弘的长安城景象。
        ",懂饿氏_紫不语,12
363,https://img3.doubanio.com/icon/u53268990-12.jpg," 如果说电影是一项造梦的艺术，那么陈凯歌的这部《妖猫传》则是直接把梦给搬上了大银幕。陈凯歌曾说过他的每一部电影里都有一个令他仰慕的人，而他的每一部电影又变成了令人所仰慕的。《妖猫传》的每一帧都美到了令人窒息，无论是运镜还是构图，每一处的电影语言都宛如唐诗一般令人沉醉。
        ",电影符号学,49
364,https://img3.doubanio.com/icon/u1341888-14.jpg," 12年还没走出《无极》，立意之低还是看脸，叙事剪辑乱七八糟，人物没有形象，群演出境，海报服饰有褶皱…不能忍受！！
        ",那是当然,10
365,https://img3.doubanio.com/icon/u51753650-5.jpg," 美术好≠形式好≠“我这部就是玩形式大于内容的”，而且美术也没有那么好。编剧差是真差，给每个明星都要摊足戏的结果就是人物、叙事、视角是完全脱线的。更别说价值观了，对盛世社会、江山美人的讨论全被小鲜肉最后带偏了。。。。
        ",五号出口右转,3
366,https://img3.doubanio.com/icon/u17221677-632.jpg," 金玉其表，败絮其中。大概前半部是徐克所拍，从极乐之宴开始才是陈凯歌真实水平的流露，走马灯般的花哨过场，迅速崩坏的主旨立意，还有每部大作中必不可少神经病一样的男男基情，一切都是熟悉的配方熟悉的味道。当然按照某影评所述全片如果只是白居易一场对昔日盛唐向往的荒诞梦倒可以理解了。
        ",胸毛,2
367,https://img3.doubanio.com/icon/u47845902-10.jpg," 《无极》里爱和命运的主题得到了延续，连樱花树这个重要的符号都没有放过，陈凯歌用一次对神秘主义的祛魅完成了向心目中东方古典美学的移情和重构。胡乐声声，大唐风流，文化自信从来就不是喊几句口号就能实现的，大部分时候，它更像李白扔进太液池里的那支毛笔，从容不迫，不卑不亢
        ",尘埃眠于光年,7
368,https://img3.doubanio.com/icon/u47351813-5.jpg," 为视听语言癫狂。叙事本身问题不大，糟糕在了故事本身，结局莫名裹脚布般臭且长。用一种看起来很“假”的CG把观众推远，营造那种漂浮的华丽感，醉在奇观之中，却又保持着一种微妙的距离。这种醒着做梦的感觉，足见功底。几个走位离奇风骚的镜头调度真的厉害。
        ",德小科,9
369,https://img3.doubanio.com/icon/u4278817-20.jpg," 三星半吧！画面美，也不无聊，给昊然弟弟疯狂打电话！为了他加半颗星！ 但是故事其实挺弱的，主要杨贵妃真的不好看啊，还不如让张雨绮演呢……
        ",沈入忘🌟,8
370,https://img3.doubanio.com/icon/u58856070-131.jpg," 场景设计、镜头调度、演员表演，充斥着人格分裂，逆光处理、忽推忽拉忽摇是“新创”的镜头语言，一部《无极2》的《小时代》，叙事节奏混乱，大唐属于白乐天和李白。
        ",樹,12
371,https://img1.doubanio.com/icon/u88652488-7.jpg," 美术真不错
        ",文刀大土申,28
372,https://img1.doubanio.com/icon/u38509400-17.jpg," 特稿记者白居易，一生梦想就是回到盛唐（类似午夜巴黎男主角），被妖猫催稿，他和伙伴遍访当年的当事人做口述史，最后终于写完了，一战成名，从此跟文豪李白一样号称不改稿。（同样是马嵬坡，张榕容比范冰冰高级了十倍。）
        ",必须改名了,4
373,https://img1.doubanio.com/icon/u1514785-29.jpg," 三星半。没什么内容，但陈凯歌真的可以去当春晚总导演了。
        ",朱熠,20
374,https://img3.doubanio.com/icon/u2583456-446.jpg," 哈？哈、哈、哈。不再痛苦的秘密，就是不再看陈导下一部电影。
        ",爻木木,26
375,https://img1.doubanio.com/icon/u56024205-19.jpg," 主题逃不出一个“爱”字：爱有千种表达方式，每个人便用不同的方式表达了爱。二刷过后叙事和情绪更顺畅了 全片很像是长篇文学著作改编成影像呈现的样子 盛唐扑面而来 现实荒芜皆幻 很多段落拍的风韵十足 给制作满分 某些视听语言可以拿去讲课分析 且都没有抢戏。染谷将太演的赞 其他演员也不错 #新丽
        ",莫吉多,8
376,https://img3.doubanio.com/icon/u47769547-35.jpg," 本因烂片云集已经很抗拒陈凯歌了，但这部影片确实展现了大唐的华丽，美轮美奂；导演都一大把年纪了还具备如此丰富的想象力，惊叹连连；妖猫伤人背后藏匿的情感，动人心魄；我大李白醉醺醺惊鸿一现，高山仰止。一群人对一位美人的倾慕，一个诗人对一个诗人的赞赏，而我们满是对大唐盛世的怀念和神往。
        ",北溟漁,1
377,https://img3.doubanio.com/icon/u138912455-6.jpg," 爱嗔痴，长恨歌。绝美的中国商业大片，影院里随着年轻诗人对盛唐心驰神往，心醉神迷。最瑰丽的大唐梦，最赤诚的诗人颂。白居易何尝不是这世上最孤单的恋人呢。黄轩又一次打破传统的表演——轻盈多情的少年，这才是年轻诗人的模样。
        ",梦呓,107
378,https://img1.doubanio.com/icon/u1071114-1457.jpg," 反正我心中大唐的盛世气象不是这样的咯，那场极乐之宴感觉像看了一场大马戏。。。
        ",不去,3
379,https://img3.doubanio.com/icon/u53336808-143.jpg," 对白居易这个角色 莫名有代入感 （你够了） 导演是不是特别喜爱木偶师左近和世界奇妙物语 故事对于大银幕作品来说有点单薄和智障了 做成两小时特别篇还是不错的 喵生不易 且行且珍惜 一路基友相随 互相要多帮忙啊 看完对直男充满了心理阴影 老男人和小处男都太可怕了 太可怕了 太可怕了
        ",低端边牧柴斯卡,8
380,https://img1.doubanio.com/icon/u35711522-19.jpg," 这个美术和视听感做得真是棒呆了吧，张榕容也太好看了吧我的天，全程挪不开眼。黄轩和染谷一出场就是暧昧cp感，“闭嘴”这种肉麻台词啧啧啧。刘昊然的角色情感力很够，只是欠缺点铺垫，也是因为片子太赶了吧。爱情是两个人的幻象，或一个人的执念。看你愿意相信哪个。最后：男权真可怕。
        ",糯木,7
381,https://img3.doubanio.com/icon/u1494376-1.jpg," 与至爱梵高异曲同工：借探寻死亡真相，向主人公致上深情挚爱。幻非凭空而生，幻乃由真而来。长恨歌是白居易写给杨玉环的情诗，其下藏真心；妖猫传是陈凯歌写给大唐的情书，其中有魂魄。台词意有所指，故事互为对应，甚至李隆基与陈云樵的体态塑造都有共通之处。可惜叙事略显局促，欠了点更雍容的气度。
        ",feeling,4
382,https://img3.doubanio.com/icon/u51824145-22.jpg," 这么多年过去，陈凯歌终于把无极的故事磨圆了还魂而生。是好看的，一部分甚至是透彻的。细节很有意思。技术上的限制还是很明显的。打四星是感觉“幸好来电影院看了”
        ",十块好运大王,13
383,https://img3.doubanio.com/icon/u69299810-33.jpg," 这一波操作真的目瞪口呆，张榕容太美了
玄宗击鼓那部分惊到我，而且也很喜欢对杨贵妃的解读，她是盛唐的符号，开口说话前一直担心，不知道贵妃的声音是什么样的，结果真的千娇百媚太酥了，最后居然看哭了
        ",Hot Pink,6
384,https://img3.doubanio.com/icon/u69532674-6.jpg," 被吹上天的极乐之宴，确实美，但其实就那么一场戏，然后就没了。最后玉环之死的真相确实让人动容，但是整个故事非常扯淡，呈现出一种“外国人想象中的唐朝”的怪异别扭感。人物全是作为功能角色出场，叙事混乱，故弄玄虚，全用幻术解释。探案全靠一本日记和猫妖口述。还有染谷将太全片莫名其妙的微笑。
        ",电影收藏癖,12
385,https://img1.doubanio.com/icon/u4015441-9.jpg," 画面和音乐不错，故事果然是日本式的啊，然而实在不能忍受“极乐之宴”这么二次元的名字简直玷污我大唐文化的灿烂辉煌……另外空海你什么时候成降妖师了？你不是写《文镜秘府论》的吗？
        ",夏言,5
386,https://img3.doubanio.com/icon/u55617091-3.jpg," 为电影还原一座城，这是多么鲜活的特效都无法比拟的，陈凯歌的艺术追求和精神素养值得嘉奖，无论是美工道具，还是摄影色调都无可挑剔，镜头底下的大唐盛世和极乐之宴，导演有自己的理解力和审美价值，败笔就在后期的执行上，过多赋予了特效和动画角色的情感张力，不流畅，不灵动，讲故事手法也比较贫瘠
                
                ",张咏轩Wayne,5
387,https://img3.doubanio.com/icon/u2941754-2.jpg," 无法认同这片的分比芳华这种货色底，很美很赤子之心。缓缓再评
        ",不装13很多年,50
388,https://img3.doubanio.com/icon/u4539158-25.jpg," 原著大量的禅宗佛法对话全部砍光，空海沦为一个道具角色，根本在电影里感受不到空海个人魅力。除了追寻杨贵妃死亡真相这条主干，基本上跟原著没啥关系了。所以只能作为陈凯歌拍摄的一部同人作品，原来的祸国殃民乱臣贼子兄妹乱伦都没有了，变成了一部杨贵妃的玛丽苏电影。极乐之宴特效假的要死。
        ",喵老师哈哈哈哈,6
389,https://img1.doubanio.com/icon/u124812731-28.jpg," 奔着陈凯歌的名和预告中的“美学设计”就来了，没想到天雷滚滚，本来凄美动人的故事讲的乱七八糟，意识流想拍啥拍啥，剪辑凌乱的叫人尴尬，这片儿就是来证明《无极》不是最烂的[捂脸]想象力的枯竭，只能让那只拟人化的戏精猫妖来背了
        ",女神的秋裤,6
390,https://img3.doubanio.com/icon/u1740768-26.jpg," 前半段太好看了，后半段太莫名其妙，一层一层解谜以后，这个谜本来毫无意义，可见是剧本立意有问题，陈凯歌想要表达的东西非常没趣，三星全部都给美术。
        ",shine tu,4
391,https://img1.doubanio.com/icon/u63080276-7.jpg," 白龙最后看着白鹤而去的时候哭到快昏厥 只有少年才有这样执着炽烈的感情 但所爱者皆幻 而当空海乐天在虚幻妖氛中逐渐清醒 也就找到归宿了。 空海和胡姬那段即兴舞真是风流啊 只有唐朝才是这样的海纳百川 包容而温厚。四刷 年度最佳
        ",庭上雨,2
392,https://img3.doubanio.com/icon/u1719094-6.jpg," 早就说了帝王无情，要做到万人之上，这个人最爱的只有也只能是自己，所以跟皇帝谈什么尼玛币的爱情不爱情啊，不把皇帝包装成痴情种怎么把失败推到女人身上？美工不错，演员表现都比想象好，但全片的剪辑都不行，撕裂得厉害，只是前半段至少流畅紧凑，后半段根本没法看。
        ",Icilian,4
393,https://img3.doubanio.com/icon/u19619577-10.jpg," 陈凯歌这几年没少嗑药吧 越来越不知所云了
        ",Alias,9
394,https://img3.doubanio.com/icon/u52623934-33.jpg," 3.5 用心的服化道还原和繁邪的特效轰炸难得一显东方奇幻电影迥异于好莱坞的风情。编剧延续原著笼罩的诡谲怪谈感和历史回环叙事结构，将其充满冒险开挂与狗血喷头的部分扭转成稳妥的保守过渡，强调主线人物镜像关系和主题升华，最后提炼出情爱关系、女性主义、文学与现实对峙、人生追寻舍离，超越原著。
        ",徐若风,12
395,https://img1.doubanio.com/icon/u30563078-179.jpg," 撕裂一段传奇式的爱情，再用另一个绝恋弥补，这是后人的幻术。毛病显而易见，但有可贵之处。《聂隐娘》铺展的是大唐的诗意与风骨，而这一部呈现的是大唐的华贵、自恋与尚怪好奇。虽极乐之宴还不够极乐，但盛世幻术应景且致幻。杨贵妃的意指也称得上“丰腴”，正好弥补了张榕容的唯一缺憾。
        ",斯琰,3
396,https://img3.doubanio.com/icon/u56392220-10.jpg," 70/100.画面华美，服装绮丽夺目，唐朝的妆容鲜艳欲滴，伎院跳舞那段让我想起了历史课本上对胡姬的描述。早在《狄仁杰之水都龙王》时就觉得唐朝花魁的角色应该由张雨绮扮演，《妖猫传》已遂此愿。
        ",蜉蝣渡海,10
397,https://img3.doubanio.com/icon/u1562273-516.jpg," 陈凯歌的问题在于太四平八稳，没有技术上的失误，但却在视听语言的想象力上没有新鲜的探索，最后剧本甚至回到了100年前古典推理的凶手闪回过往的老旧桥段，完全不关心白龙怎么爱杨玉环的好吗，因为这种揭示方式根本撑不起观众对人物的情感。
        ",品客,6
398,https://img1.doubanio.com/icon/u2576473-1398.jpg," 我太喜欢这种奇幻色彩的民间传说啦，也再现了我心目中的大唐盛世。前半部分最好，染谷将太真的可爱，非常适合这个角色。这种题材，多拍起来好吗
        ",毛香菇,14
399,https://img1.doubanio.com/icon/u41603115-17.jpg," 一场大唐的华丽盛宴，用夸张绚丽的色调将盛唐气象展现的淋漓尽致。白居易的《长恨歌》万古流传，著名的爱情故事背后，却有另一重解读，原来两个人许下的生生世世的诺言，不过是君王为维护权威而设下的骗局，而杨玉环最大的错，便是将谎言当真心，不过是危机来临时一枚弃子。一颗丹心的白龙，一眼万年。
        ",碎玉,1
400,https://img1.doubanio.com/icon/u30563078-179.jpg," 撕裂一段传奇式的爱情，再用另一个绝恋弥补，这是后人的幻术。毛病显而易见，但有可贵之处。《聂隐娘》铺展的是大唐的诗意与风骨，而这一部呈现的是大唐的华贵、自恋与尚怪好奇。虽极乐之宴还不够极乐，但盛世幻术应景且致幻。杨贵妃的意指也称得上“丰腴”，正好弥补了张榕容的唯一缺憾。
        ",斯琰,3
401,https://img1.doubanio.com/icon/u2576473-1398.jpg," 我太喜欢这种奇幻色彩的民间传说啦，也再现了我心目中的大唐盛世。前半部分最好，染谷将太真的可爱，非常适合这个角色。这种题材，多拍起来好吗
        ",毛香菇,14
402,https://img3.doubanio.com/icon/u1738012-1.jpg," 有的电影只有一个点打动我，打得很扎实，其他缺点就都不算数了，《非诚勿扰》是这样，《搜索》是这样，这一部也是。大唐幻想，无极无敌。满分，不接受任何反驳。当然，陈导也急需找到一位有能力讲故事写台词的助手，知乎上找一个就行。
        ",leafalone,9
403,https://img3.doubanio.com/icon/u49347494-6.jpg," 两个主角我都很喜欢，但是陈凯歌拍电影真的是，画面华美却不知所云。而且你确定杨贵妃长那样嘛？不但不丰满而且还胡人？混血？大美人不管是不是真的美，都有一种气场，举手投足仪态万方。但是这个张榕蓉一脸弱气，一点美人架子和气场都没有，是怎么迷倒所有人的？三星全给黄轩染谷将太和昊然底迪。
        ",樱花酱要加油,3
404,https://img1.doubanio.com/icon/u146256272-9.jpg," 染谷将太真可爱！！！！画面特别美，给人耳目一新的感觉。剧情前面还好，后面有些奇怪。
        ",阿噗不高兴,3
405,https://img3.doubanio.com/icon/u20749543-4.jpg," 在这个悲情的年末，我第一次独自一个人看完了整场电影。最近一周来的绝望与悲痛，以及今晚又突如其来的风雨，让我无力去面对却又不得不去面对。坐在观众席的正中间，大屏幕上放映着美轮美奂如画般的大唐美景，讲述一个凄美的悲情故事。思绪时而游离时而集中的2小时里，亦真亦幻是整个基调，贵妃做到…
        ",熟泡面,4
406,https://img3.doubanio.com/icon/u2374868-15.jpg," 比芳华好 镜头语言 叙述方式 至少是电影的 而且我真心佩服陈凯歌对艺术的追求 哪怕你说他十年如一日痴迷天上荡秋千这种让人摸不着头脑的场景 但镜头语言是有个性的 那种对极致的美的追求 故事拧巴 但永远傻傻的歌颂真·善·美的 大概就是陈凯歌了
        ",吃纸巾的人,11
407,https://img1.doubanio.com/icon/u1049253-37.jpg," 故事很棒啊～我的泪点太奇怪了，居然在李白吟出四句诗的时候哭了……黄轩刘昊然欧豪都是单眼皮，这男演员卡司是比着兵马俑找的吗？其余不想多说，估计一大波黑粉在路上了，豆瓣评分不会太好看
        ",沉山泥,10
408,https://img3.doubanio.com/icon/u1798661-332.jpg," 染谷将太同学大概有三种情况：1. 自己也觉得自己念那些中文台词太可笑，包括（kuà）自己的口音。 2. 反复在内心询问自己是谁，在哪，在干嘛，要去哪。3.每天开工前抽五吨大麻控制不了面部肌肉。
        ",安城,2
409,https://img3.doubanio.com/icon/u2621589-163.jpg," 这种场面仅仅拍推理的确是浪费了，后半段的升华有些失败了。本来想打三星，想着还是让陈凯歌多点分吧。
        ",阿尔法,9
410,https://img3.doubanio.com/icon/u2557883-3.jpg," 没有将白居易时期的中唐与盛唐做一个很好区分，所以美术部分只是造了些大场面，当然也有人群生态，但未见得特别细腻。还没有看过原著，但白居易应该不是黄轩演绎的这样，也不是编写的这样，如同这角色一样。编剧在行进故事里没有找到更深远的东西垫底，虽然结构和技巧都不差。极乐之宴也不如盖茨比那个
        ",Morning,6
411,https://img3.doubanio.com/icon/u1504057-51.jpg," 剧情信息量还是太小。用这么好的美术和服装，做出这么平凡的故事。感觉有些不值。
        ",陈四喜,6
412,https://img3.doubanio.com/icon/u2641910-15.jpg," 盛世不再，亦不复。正如人死了，尸体也就只是尸体。电影最后，乐天不再为写而写，空海也不是为了进寺而进寺——同样，我们也不该为了复兴而复兴，整天飘飘然然地把“复兴”二字挂在嘴边，似过眼云烟，风起即散。
        ",北地,15
413,https://img3.doubanio.com/icon/u1482035-2.jpg," 一脉相承狰狞的美和狰狞的荒唐感。无论是疯魔还是艺术，陈凯歌有文人的境界，喜欢他放不下人文包袱的满面仓皇和虔诚，以及对美和爱的长恨长爱，总想留住和保护点什么。
“在这世界上除了我，你还有谁。”总有一些极尽突兀的表达，表达的却都不是常规的、可定义的人类情感，却毫无猎奇感，一脸平常心
        ",小托,30
414,https://img3.doubanio.com/icon/u48329159-94.jpg," 《长恨歌》的最后一句：“天长地久有时尽 此恨绵绵无绝期。”一字不改！
        ",宇文翮,18
415,https://img3.doubanio.com/icon/u49278165-480.jpg," 看的我 最后一小时一直在哭
        ",阿-🍦,9
416,https://img3.doubanio.com/icon/u65041356-93.jpg," 标记了一年的想看，买了上映第一天上午的电影票准备舔一众卡司的盛世美颜，然后，忘记去看电影了......忘记....去了............我不管我一定要标记一个看过聊以自慰！！！（唉
        ",喜狗,1
417,https://img3.doubanio.com/icon/u27998962-26.jpg," 美（但没到摄人魂魄的地步 可能是前排的垃圾小孩和垃圾来电毁我心情）大唐如梦如幻 李白独领风骚 一部妖猫传 也只记下了醉醺醺的辛柏青 （黄轩的表演 我 很 不 喜 欢）反倒是染谷和阿部 让人信服 两个角色是真的崇敬大唐 眼里冒星 （故事让我想到春江花月夜的昆曲  张若虚）
        ",占黑小伙,5
418,https://img3.doubanio.com/icon/u2106402-30.jpg," 借梦枕馍之笔，大概是给出了国人历来忘却的视角态度，使得这个大唐分外哀怨苍凉之余，还上一抹本该有的对女性尊重怜悯。发出这声追问，为她一心厮守复仇三十年，也只有是少年，是白鹤，是黑猫，极爱也极恨。
        ",System III ,27
419,https://img3.doubanio.com/icon/u69475039-4.jpg," 金碧辉煌波澜壮阔恢弘大气绚烂瑰丽 所有我能想到的形容词都不能表达出电影里我大盛唐的千分之一的美！神级特效和布景 如人群簇拥倾城美女 破旧房子红衣裳大反差 都是很陈凯歌特色 然而故事讲不好讲不圆 过分的怪力乱神也让故事失了韵味 节奏剪辑堪称灾难 乱得黄轩和染谷DD也拯救不了 失望
        ",喜悦姑娘的猫儿,2
420,https://img3.doubanio.com/icon/u69475039-4.jpg," 金碧辉煌波澜壮阔恢弘大气绚烂瑰丽 所有我能想到的形容词都不能表达出电影里我大盛唐的千分之一的美！神级特效和布景 如人群簇拥倾城美女 破旧房子红衣裳大反差 都是很陈凯歌特色 然而故事讲不好讲不圆 过分的怪力乱神也让故事失了韵味 节奏剪辑堪称灾难 乱得黄轩和染谷DD也拯救不了 失望
        ",喜悦姑娘的猫儿,2
421,https://img3.doubanio.com/icon/u1841097-1.jpg," 每个人都耽溺于极致，因此有了极致的华丽和极致的破败，极致的爱和极致的恨，只有一个外来的和尚最会念经，但他心里何尝不是怀着执着才拉着白乐天到处瞎逛呢？对美的想法陈凯歌就是较高水平的，就是招黑体质太惨，不吹不黑真真是他这几年最不雷人也表达了真性情的一次啊！打个高分平衡下。
        ",阿尔髮,14
422,https://img1.doubanio.com/icon/u46420878-157.jpg," 我是真的觉得特别好看，服化道真棒，画面很美，剧情不脑残，一层层抽丝剥茧，除了前半段对话稍微有点尬，真的拍得很好，全程无尿点，不要再拿霸王别姬来比了，那个只是上帝的主意，通过陈凯歌写出来，世上只有一次。这次的画面美学终于可以跟徐老怪一拼了，算是陈凯歌的一次回归。
        ",千鸟歌戮羽,7
423,https://img3.doubanio.com/icon/u1644460-10.jpg," 摄影美术音乐都没得说，但作为悬疑类型来讲，谜底的揭示太顺拐了，两个主人公几乎没有遇到任何阻力就获知了真相，一只猫对他们讲述了一个超长的前史，那么它和三十年后的今天到底有什么关系呢？这些都不做设计的话，那整个故事就没意义。
        ",老末,3
424,https://img3.doubanio.com/icon/u1388553-30.jpg," 乐天：你知道我寒冬夜里跪求一字的折磨吗？我知道。否则我怎会在黄轩着薄衣衫企立雪中的一幕，流出泪来。
        ",赵小楞,57
425,https://img3.doubanio.com/icon/u51840446-3.jpg," 给人感觉就是出土个晚清高仿的盛唐文物，虽非正品，底子还是有，然后被现代工匠左一笔右一画着了浓彩，坏了格调。前半段是悬疑推理，嫌疑人妖猫到处作案，诗人和尚组队家访；后半段附了马嵬驿兵变的典故，实际讲苦恋，讲执拗与放下，拖太长就俗了。陈凯歌一直有颗中二轻小说的心，不懂留白，静不住。
        ",亲爱的猥琐猪,5
426,https://img3.doubanio.com/icon/u2749350-11.jpg," 美人，诗人都是幻术，盛世需要装点的时候就是文化自信，不需要的时候便可弃之如敝屐。陈凯歌改编的太好了，强烈推荐！
        ",青龙山揸fit人,68
427,https://img1.doubanio.com/icon/u1033955-18.jpg," 一场大型中古玛丽苏，台词尴尬，戏剧文艺腔，人物情感说来就来莫名其妙。故事角度还不错，美术也挺好。
        ",八月槎,20
428,https://img1.doubanio.com/icon/u1049746-7.jpg," 极尽繁华后的落寞，史上最有深度杨玉环，一早知道结局却还是配唐玄宗演完这出戏，这便是《长恨歌》中的爱情了。表现“唐朝春晚”笔墨过多，始终觉得陈导谈情讲人性好于大场面和想象力。看的时候几乎无尿点，历史的复杂性挺适合解读。
        ",林||我们谈什么都像谈死！,2
429,https://img3.doubanio.com/icon/u4896291-25.jpg," 人猫之恋。书写历史的吃瓜群众，如梦似幻的大唐盛世，文人凯歌再临。借倭国取经人之眼和日本遣唐使之口，探求杨贵妃之死的历史推理。文眼显然是极乐之宴，某些段落的场景调度像极了陈凯歌之前的赵氏孤儿，不过虚假的特效比较让人出戏。染谷将太和黄轩的表演俱佳，一阴一阳，一放一收，相得益彰。
        ",m89,23
430,https://img3.doubanio.com/icon/u3368713-53.jpg," 几次泪流满面。一是心血，二是爱而不可得，三是亦真亦幻。
还好有电影可以装下梦境，不止今生今世，还有诗意的世界。
        ",超级难养,10
431,https://img3.doubanio.com/icon/u2881997-2.jpg," 看完妖猫传得出……
我，白居易本人，颜控脑残粉，看到美颜就想写诗，本质cp粉
因为萌别的cp而忘记了空海我的官配cp营业，误了终身大事!😣
拒绝白龙毒唯，从我做起。
        ",emma,1
432,https://img3.doubanio.com/icon/u2813899-721.jpg," 超乎意料的好看。画面真是太美了，完全符合我们从小历史书上看到的大唐盛世，就是那样的霸气。演员选角精准，扮相都太美了。对刘昊然改观了，之前觉得和那些流量小生没什么区别，没想到又美又仙，演技在线。黄轩有点用力过猛，染谷酱太萌了。剧情也很吸引人看到最后不禁唏嘘。哭死我了！
        ",Blue Velvet,5
433,https://img3.doubanio.com/icon/u2129048-3.jpg," 作为钟爱陈凯歌导演的粉丝一枚，真是一声叹息啊。极乐之宴是最难看的一段，其他还好，导演依然在片中加入了自己对于爱情的理解与哲思，有道士下山的感觉，可是故事的节奏，角色的塑造均是败笔，李白一出来忍不住吐槽能不能找个更好点的演员，没想到他竟然是最终给我印象最深刻的一个。
        ",红皇后,6
434,https://img3.doubanio.com/icon/u137980343-4.jpg," 原四星，既然有人那么不讲道理的给一星，我就满星评价了。不论画面还是情节，都已经甩很多片子到外太空了，看不懂就打一两星的人...自爆人性是卑劣而已。不要总拿霸王别姬来说事，也不要老拿无极来说事，一码归一码，就这片子，四星半没问题。
        ",莉莉丝泡泡糖,18
435,https://img3.doubanio.com/icon/u4455176-10.jpg," 没有一个不漂亮的镜头。真的厉害啊。对白龙这个人物的塑造是我近来看过最丰满的，寥寥几句，不靠角色本人大段叙事性台词，他为什么对杨贵妃最执着真的就说通了，细想还会有点难过
                
                ",1921,9
436,https://img1.doubanio.com/icon/u48849668-38.jpg," 7。妖猫传有一股锋芒毕露的少年气。白鹤少年的执念、李白的醉卧倨狂、白乐天创作时眼中的光芒、骑马倚斜桥的盛唐风流意境，啊啊啊啊这部电影就是一场幻术啊。全篇看完只有赞叹它的美，张鲁一散发对鼓、张天爱击掌起舞，没想到盛唐意境实拍能如此摄人心魂。妖魔鬼怪，魑魅魍魉，异人之相，盛世大唐。
        ",颜小颜,1
437,https://img1.doubanio.com/icon/u3418993-68.jpg," 极璀璨的盛宴与极破败的消亡，电影中盛唐近似于烟花的极致之美为影片带来一种回望“黄金时代”的乡愁，无论是极乐盛宴还是倾国美人，都是后人后世永远怀念却回不去抓不住的。非常喜欢染谷的似笑非笑，张榕容的美目盼兮，与黄轩的如痴如醉，但觉得极乐之宴中间的奇观表演部分有点儿累赘了。
        ",山人阿苍苍,1
438,https://img3.doubanio.com/icon/u2049771-372.jpg," 当看到字幕编剧有陈凯歌时就知药丸了，什么时候他可以放下他那半吊子的哲学思考和抑不住的人文情怀，不再揽编剧的活儿，就好了。场景华丽并不惊艳。剪辑略跳跃，有镜头显冗余。张鲁一辛柏青宽哥是突出的。染谷与黄轩想诙诣又端着，想戏剧又要漫画式演绎，人物僵化且模式，黄轩有些镜头迷之像王祖蓝。
        ",花儿果果,15
439,https://img3.doubanio.com/icon/u49213881-4.jpg," 技术上之牛逼，无人出其右。故事上总难自圆其说。张榕容之美，没有更好的杨玉环了。张雨绮之胖，不忍直视。但大唐盛世，情丝恨诀，都丝丝入扣用情很深。
        ",华盛顿樱桃树,4
440,https://img1.doubanio.com/icon/u2248619-8.jpg," 秦昊真好笑。刘昊然前途无量。黄轩终于找到了戏路。想象中的大唐风流不外乎如此。
        ",大豆,8
441,https://img3.doubanio.com/icon/u64610094-105.jpg," 妖猫也好，玉环也罢，天长地久有时尽，所幸有那么多爱，绵绵无绝期。
        ",张躲躲,44
442,https://img1.doubanio.com/icon/u4662075-47.jpg," 与电影开篇的悬念相比，后半部分背景的铺陈比重少了些，讲了很多陈府的诡异现象，但背后却是一代贵妃的惊天谜案，虎头蛇尾的让人有点坐不住，不得不说大唐盛世的场景和服装都很惊艳，四星给付出辛苦的电影人鼓掌。
        ",是溜肉段啊,4
443,https://img1.doubanio.com/icon/u4361447-17.jpg," 故事在每一个场景之间断裂开来。最终所谓视觉盛宴的“古代”也只是游戏化的，像pc，家用游戏机里的古代，看电影不如玩游戏。情感当然不会在这样一个个情景的转场中得到积淀。我们眼见过优秀的“作者”在故事中深耕然后“蒸发”掉故事属于“气态”的电影，就难免会嘲笑这坨怎么也打磨不圆粗鄙的固体。
        ",董肥樂,7
444,https://img1.doubanio.com/icon/u40816768-98.jpg," 从工艺再到文化质感它都能跟好莱坞奇幻电影有得一拼，哪怕剧本略无脑，且有不少令人尴尬的元素和技术瑕疵，但也不乏令人赞叹不已的匠气，虽不尽人意，它依然是中国奇幻电影的新标杆。在华语电影圈，有“造梦”能力的导演屈指可数，陈凯歌再不复当年也绝对紧排张艺谋之后，而张艺谋又稍屈居王家卫之下。
        ",低端大師,4
445,https://img3.doubanio.com/icon/u1051889-6.jpg," 天长地久有时尽，此恨绵绵无绝期！
        ",kanhi,12
446,https://img3.doubanio.com/icon/u6314014-20.jpg," 171224和郭老师美嘉。陈凯歌一般水平，乡土审美，他对大唐是有什么误会，涉及史实基本没对。要说是日本想象的盛唐也行啊，但视角又不对，还有那个中东版酒池肉林，简直了。
                
                ",七紫三羊,7
447,https://img3.doubanio.com/icon/u112296172-25.jpg," 1 out of 4: All I wanna do is get high by the beach, get high by the beach bye bye，比无极好在哪里，还请亲爱的你们悄悄地告诉我哦。
        ",Aesthetic Mass,12
448,https://img3.doubanio.com/icon/u66469764-112.jpg," 张艺谋曾评价陈凯歌是同届生最有文化、古典造诣最深的一个。点滴之间还是能让人看出这一点，如侧拍的李白，独卧的杨玉环，飞天的独鹤，都充满味道和意境。但三段近乎分裂的叙事，使人物没一个立起来，不能说你想表达什么就是好，而是看你究竟表达出了什么，我现在更愿意把它当作一部缺憾之作。
        ",刘小流,9
449,https://img3.doubanio.com/icon/u46248867-5.jpg," 美术浮华奇丽，剧情玄幻诡谲。杨贵妃被塑造成了一个符号化的女神，美就是她的一切，有权的占有她，有势的争夺她，有才的仰慕她，于是她注定成为牺牲品。她倾倒众生的天赋似乎变成了所有人物的动机，但这样的设定就像幻术一样，然而幻术虽然虚假，却带来一时的狂欢，就像那极乐之宴，极乐之后万骨枯。
        ",Howe,2
450,https://img3.doubanio.com/icon/u1240587-33.jpg," 我觉得挺好啊，只有很少部分有意见。本来打四星的，既然分这么低，那就给五星呗。
        ",Finale,10
451,https://img3.doubanio.com/icon/u2393425-4.jpg," 极乐版《哀江南》。繁华落尽徒思悼。痴迷之物，不是一个女人，是活在每一个诗人梦境里的青春往昔。白乐天：这么美丽的肉体，就这样腐坏了。
        ",秋生,3
452,https://img3.doubanio.com/icon/u67876993-14.jpg," 陈凯歌靠妖猫传确实能翻身，这部的原著剧本本身就很完整。只是4本书拍成一部电影有点拥挤。黄轩的白居易感觉演技完全不在线，还是芳华里更有演技点。由于有日本角川投资，所以在特效上估计日本也参与了点，果然有钱能使鬼推磨。
        ",下町书店,9
453,https://img3.doubanio.com/icon/u52515563-14.jpg," 猫的特效做得有点笨拙，白乐天和空海和尚真的不错。：/ 二刷完毕，改成五分。你相不相信少年心，你相不相信有浪漫这种东西存在？
        ",普二丁,8
454,https://img1.doubanio.com/icon/u1237401-18.jpg," 陈凯歌这么多年终于找到能恰如其分寄情自己诗人情怀的电影，一个有关爱不爱的话题无限形而上，从红颜薄命去找寻自己的倒影。黄轩也终于当了那个最恰如其分的黄轩，笑就灿烂，追逐真理和爱情，理想主义的本体。染谷将太嘴角微笑自带狷狂，张雨绮对于大唐风韵和被损害的艳魂，简直无需去诠释。
        ",季大可,6
455,https://img1.doubanio.com/icon/u48967331-9.jpg," 盛唐的大气和极美，在这部片里体现得绝对是前无古人！陈凯歌太爱唐朝和杨贵妃了。是一部非常好“看”的电影，可惜故事讲得不好，前半部分制造悬念铺垫太长，盛唐景象导演好像又不舍得删减，最后揭开真相的部分显得仓促平淡。调起高了，不太好唱下去………
另外，张雨绮的唐朝扮相真的太美！
                
                ",一个人的旅行,2
456,https://img1.doubanio.com/icon/user_normal.jpg," 妖猫传我就看染谷将太、阿部宽和松坂庆子 其他真的也就呵呵 而张榕容简直就是最大的呸呸 女主不成立 是最大的不成立 不知道这个杨贵妃哪 能云想衣裳花想容 至于极乐之宴的色彩 好张艺谋啊
        ",蒙汗药,3
457,https://img3.doubanio.com/icon/u2548420-73.jpg," 期待值过高，反而是陈凯歌奇幻三部曲里观感最一般的一部。故事实在是简单，妖猫几乎没有任何神秘感，作祟有限，有问必答，使影片过早地丧失了悬念。美术是好，但特效过多，幻术频繁，只让人觉得假的很，平衡特效和实物之美还是无极做得好。PS.真心觉得染谷将太和黄轩可以搭档去拍探秘大唐系列连续剧
        ",小粉,1
458,https://img1.doubanio.com/icon/u2331816-79.jpg," 很棒。梦枕貘笔下的奇幻诡谲和大唐的鼎盛风貌结合在一起，充满想象力的瑰丽之作啊。选角很合适哈哈，张榕容出场惊艳到我了，张天爱的角色也很灵哎，直到电影结束了我才发现是她演的。。。。染谷将太和黄轩有点萌，讲真看的时候一直觉得染谷将太很眼熟，但怎么都跟寄生兽里的他联系不起来……
        ",藤堂非,4
459,https://img3.doubanio.com/icon/u1454015-41.jpg," 故事娓娓道来，虽然有很多细碎的小毛病，但整体非常喜欢。大概是戳中了个人美学中最爱的情结之一吧。最爱昔日极乐宴会与今日荒草废墟交映的几场，万古风流又何尝不是幻术一场。所谓繁华过后，辄生凄凉，忍不住猜测这是不是也是陈凯歌个人心境的一点抒写。
        ",末药煎肉塔,9
460,https://img3.doubanio.com/icon/u2174521-5.jpg," 真是很难评价。总之挺美的，但是美的很诡异~~~故事太长了，演完的时候感觉全影院都松了一口气：可算演完了。对解密没有紧张感和带入感，就托着腮看这俩人满世界跑。
        ",称称,1
461,https://img3.doubanio.com/icon/u2548420-73.jpg," 期待值过高，反而是陈凯歌奇幻三部曲里观感最一般的一部。故事实在是简单，妖猫几乎没有任何神秘感，作祟有限，有问必答，使影片过早地丧失了悬念。美术是好，但特效过多，幻术频繁，只让人觉得假的很，平衡特效和实物之美还是无极做得好。PS.真心觉得染谷将太和黄轩可以搭档去拍探秘大唐系列连续剧
        ",小粉,1
462,https://img1.doubanio.com/icon/u2331816-79.jpg," 很棒。梦枕貘笔下的奇幻诡谲和大唐的鼎盛风貌结合在一起，充满想象力的瑰丽之作啊。选角很合适哈哈，张榕容出场惊艳到我了，张天爱的角色也很灵哎，直到电影结束了我才发现是她演的。。。。染谷将太和黄轩有点萌，讲真看的时候一直觉得染谷将太很眼熟，但怎么都跟寄生兽里的他联系不起来……
        ",藤堂非,4
463,https://img3.doubanio.com/icon/u2238925-116.jpg," 没想到是这样一个故事，和三更之回家完整了一个悲剧的两面、太苦。故事可由春琴之死和开棺做断分成三部分，不怪陈凯歌不利索，实在是故事太宏大。但是某些场面如安禄山时灯光确实出戏了，小毛病。整体还是悲凉和幻梦一场，如此的故事若每年有一部，我也算是满足了。
        ",Lunatic Assa,40
464,https://img3.doubanio.com/icon/u1553180-95.jpg," 盛唐之景美轮美奂，可惜了剧情有点拖沓散漫。想说的东西太多便让人无法聚焦，前和后都好，中间砍掉枝节更好。PS，有《无极》的影子。
        ",mumudancing,21
465,https://img3.doubanio.com/icon/u66306592-25.jpg," 如此轻浮的文本，以陈凯歌当今的水平再回勇也不会有多大的起色，话又说回来，这种砸大钱做晚会而非花重金搭布景的心态，再牛的台本也会被浪费，总而言之，这次的所谓好口碑，赢得有点难副。
        ",文森特九六,2
466,https://img3.doubanio.com/icon/u66837178-5.jpg," 三星半。前半部分非常好，后半部分剧情略微有点崩。白龙对贵妃的感觉总感觉来得有些莫名其妙，触发点有些问题。以及最后的大师是丹龙这点我也有点不理解。电影让我对玄宗和长恨歌都有了新的认知和理解。
        ",呼哧呼哧,5
467,https://img3.doubanio.com/icon/u48652163-24.jpg," IP改编魔幻悬浮标杆了。两处动人：①白居易在书房遥想杨玉环、李白和极乐之宴；②杨玉环被困马嵬坡接受死的那一下点头，是这样的意思：“我知道你知道我知道你骗我，我接受。” 再说陈凯歌，他恐怕是堂吉诃德式的人物，从《无极》开始，他对义理和美的思索要比冯小刚青春肉体纯白胸衣宏大好多。
        ",嘚嘚嘚嘚嘚,8
468,https://img3.doubanio.com/icon/u37342031-2.jpg," 羡慕高力士可以为李白脱鞋子 以背为纸让李白写诗（。杨玉环大约是白乐天眼中的盛唐 而李白是我的盛唐..“今宵杯中映着明月 纸香墨飞词赋满江”
        ",流岚,4
469,https://img1.doubanio.com/icon/u59291955-49.jpg," 为什么气氛怎么这么像《阴阳师》呢，原来是同一个作者。幻术和穿越三十年的爱与追寻，让我想到《阴阳师》中的一段对话。博雅问晴明:“什么是咒？”晴明指了指最后一朵在风中摇摆的紫藤花，说:“咒就是执着之心。”
        ",丹朱AI,6
470,https://img3.doubanio.com/icon/u56992607-15.jpg," 很华丽，没了
        ",陈长鬙,39
471,https://img3.doubanio.com/icon/u27785982-21.jpg," 即便黄轩像个蚂蚱也没能扰乱我对此片的喜爱。陈凯歌有金子一样的心。
        ",网上邻居,5
472,https://img1.doubanio.com/icon/u1634396-128.jpg," 一夜盛唐幻世，一曲极乐之乐，白鹤少年的双手合十或许是陈凯歌13岁放飞的白色鸽子的追寻，这是导演最想拍的幻境，虽然呈现方式是悬疑，但是片头一树绿果叶上唯一红苹果已经预示了魔幻的基调，以及对所谓长恨歌中此恨绵绵无绝期的爱情的颠覆解读，街头幻术师的西瓜幻术或是在嘲讽和隐射了吃瓜群众。
        ",不叫蘑菇很多年,2
473,https://img3.doubanio.com/icon/u150048930-13.jpg," 7.5将盛唐画繁，在故事上又化繁为简，凯歌将全部情感寄托与杨贵妃一个符号，剩下的只是大唐该有的样子。运镜和奇幻风很统一，镜头语言很美，想法很多，取舍上影响了节奏，还有一些明显的问题，但瑕不掩瑜,最喜欢李白作诗戏。看完小刚炮上下翻腾，凯歌作为导演来说称职多了，这是给人性让路的电影。
        ",蔺瑜笙,6
474,https://img3.doubanio.com/icon/u1141872-206.jpg," 野心勃勃创想其实是平庸的套路，毫无神秘和情感的力量。另外，黄轩变塑胶油腻脸的速度可谓惊天动地。
        ",萨拉热窝王光美,9
475,https://img3.doubanio.com/icon/u2871839-10.jpg," 樱花树和飘在众人眼前的杨贵妃（简直无极里的倾城翻版），都是陈凯歌的签名。哪怕被大众误解，他也要表现这份人人都倾心的“至高美”，甚至让人为之献身。导演为国人，也为自己保留了那份尊严和格调。“别埋我，地下冷”，张雨绮在原著里是杨贵妃的镜像，这一点电影里没讲明，估计很多人会看的比较奇怪
        ",tata,1
476,https://img3.doubanio.com/icon/u1086549-36.jpg," 联想到自己追星，居然看哭了……不过这部故事好歹是讲全了，电影票不亏。演员里面演得最好的应该是李白吧，作诗那段。冲染谷将太去看的，没失望，配音也很牛，黄轩不如他了。另外带小孩子去的都后悔了吧，这片子绝对童年梦魇。
        ",守never,7
477,https://img3.doubanio.com/icon/u52025738-24.jpg," 谜面1.染谷将太从始至终的蜜汁微笑；2.自古美人都爱荡秋千；3.催稿的黑猫和诗人警长；4.一首诗引发的血案，同一个馒头同一首诗，料还是那个料～!P.S画面特效质感满分，上半集还是很不错的！
        ",Clytiezx,4
478,https://img3.doubanio.com/icon/u1333942-42.jpg," 盛世而多妖。虎头蛇尾优缺点明显，结尾崩的莫名其妙。陈凯歌的电影首当其冲要有一个美的主题，这部电影完美的做到了，美术非常漂亮，也符合本人对大唐的想象。
        ",木偶,11
479,https://img1.doubanio.com/icon/u33637995-7.jpg," 看了媒体场，怎么说呐！三星给陈凯歌导演的美学造诣，一星感谢邀请~至于电影，最主要的问题就是，一个幻术世界为什么没有武术？哈哈哈~李白太猥琐了
        ",赵二把刀,76
480,https://img3.doubanio.com/icon/u2871839-10.jpg," 樱花树和飘在众人眼前的杨贵妃（简直无极里的倾城翻版），都是陈凯歌的签名。哪怕被大众误解，他也要表现这份人人都倾心的“至高美”，甚至让人为之献身。导演为国人，也为自己保留了那份尊严和格调。“别埋我，地下冷”，张雨绮在原著里是杨贵妃的镜像，这一点电影里没讲明，估计很多人会看的比较奇怪
        ",tata,1
481,https://img3.doubanio.com/icon/u30593307-36.jpg," 这里面的人都疯了吗，动不动泪流满面，这情绪都哪里来的。五毛钱特效加一块钱布景，美术还没有十年前的无极好，大街上人穿的衣服都是淘宝25块钱一件批发的嘛？不好意思，真的分不清几个妓女和两个白鹤的长相，我不是一个人吧。
        ",鲜の猫,4
482,https://img3.doubanio.com/icon/u52025738-24.jpg," 谜面1.染谷将太从始至终的蜜汁微笑；2.自古美人都爱荡秋千；3.催稿的黑猫和诗人警长；4.一首诗引发的血案，同一个馒头同一首诗，料还是那个料～!P.S画面特效质感满分，上半集还是很不错的！
        ",Clytiezx,4
483,https://img1.doubanio.com/icon/u2308623-79.jpg," 高于四星，给个五星鼓励下凯歌吧。说最大的幻术的时候不知道怎么想起了inception。不过关于无上密的讨论也挺有趣的。//假作真时真亦假，假假真真
        ",Ｍ．,4
484,https://img3.doubanio.com/icon/u29192333-2.jpg," 没有惊喜，连惊吓都没有，全程出戏。剧情逻辑嘛，不存在的。全片演技不尴尬的只有那只猫。投资这么大，拍成这个样子，真的挺遗憾。想起朱生豪说，中国人太不浪漫，务实际到心理卑琐的地步，因此情感与想象，两俱缺乏。嗯，就像这部《妖猫传》吹得天花乱坠的“盛唐”外衣下，是苍白的灵魂。
        ",礼馨,17
485,https://img3.doubanio.com/icon/u1892609-35.jpg," 有幻有真，唐诗三百化CG。无惊无喜，凯歌还复刺秦王。大唐气象也罢，盛世哀歌也罢，文不与实与也罢，实不与文与也罢。戏里戏外六年时间花二十亿修一座城造一个梦，可说是中国梦最好的献礼了。象牙塔里黄金屋，象牙塔里千钟粟，象牙塔里颜如玉，安得广厦千万间，愿天下寒士都有一个贵妃梦。
        ",冬寂,2
486,https://img3.doubanio.com/icon/u49872247-3.jpg," 大唐盛世配合幻术铺将开来，极尽奢华，平添奇幻色彩。视效和情节连贯性可以，但人物的交代和性格树立不够鲜明，以至于白龙为杨玉环的付出和献身动力显得立不住脚，引导白乐天和空海查找真相的动机不足。而不管怎样，在国产片同题材影片里，算不错的，四星鼓励。
        ",轻飏,1
487,https://img3.doubanio.com/icon/u52510151-112.jpg," 剥去浮夸绮丽的外衣，骨子里是一个老故事：备胎苦，备胎累，没名没分活受罪，兄弟一场情无悔，我的王妃我要霸占你的美――
        ",刘德维希,13
488,https://img1.doubanio.com/icon/u133225179-7.jpg," 手松点我想给四星，对于熟知故事重新解构，美术很棒，视听语言很硬气。诗人和尚大唐断案，但是黄轩的白居易太崩了，虽然不是主要人物但是也是线索之一啊，刘昊然惊喜，帅出新高度。
        ",瞇著眼的Amour,18
489,https://img3.doubanio.com/icon/u1143429-536.jpg," 足够考究和猎奇，各种历史边角料也都很刻意地呈现了，但是“情”的层面完全不动人。张榕容太美了。
        ",Vi,4
490,https://img3.doubanio.com/icon/u1741282-3.jpg," 二刷IMAX。「 不再痛苦的秘密，你找到了吗？」少年心气，总要求个究竟，悟到答案，终了才明白追问本就无解，而这问题不是因自身而起，最后的答案也是由他人而解，却不再困惑痛苦。这是多么坦然悲凉的创作观啊，少年也长成中年人了，然后呢？
        ",I'M,2
491,https://img3.doubanio.com/icon/u2473154-140.jpg," 看似宏大，其实妙全在细处。终于有点get到染谷将太。刘昊然颜值巅峰。王万能第一次演电影，演得很棒。
        ",貓小三的意思其實是如果先生,6
492,https://img3.doubanio.com/icon/u1301374-2.jpg," 原著一桶泔水，挑几块完整菜肉摆盘装饰仿佛还能吃。删除橘逸势很明智，配合国情的改动也减少了原著低俗狗血。但审美就这样吧，除了唐明皇打鼓略像日本片，盛宴还是晚会/开幕式。后半部故事完全不讲究了。黄轩好侉，年轻演员惨不忍睹，多数人的姿态非常差，杨贵妃近景适合在边上打个SKII。
        ",三,1
493,https://img3.doubanio.com/icon/u1515276-45.jpg," 陈凯歌只能拍《霸王别姬》那种激情片或者春晚。所以你看他最后多努力才忍住了欧豪刘昊然cp支线剧情的欲望，但副作用是把春晚杂技魔术放了好几遍。
        ",你就叫我蕉大吧,3
494,https://img1.doubanio.com/icon/u72261882-17.jpg," Emmm……怎么说观感呢，大概就是，陈导用满地黄金搭了一个金碧辉煌的茅厕，外面看上去美不胜收，内里杂乱无章连最基本的自圆其说都做不到，后半程干脆直接放弃治疗了。黄轩用生命诠释了好剧本的重要性。
        ",Queen楠瓜,12
495,https://img3.doubanio.com/icon/u141744320-13.jpg," 以一个日式怪谈故事还原大唐气象的初衷本就很天真，于是整部电影就只能像片中人物一样，焦急无力的讲述着自己也无法言明的零散的见解和情感，任由这个本就笨拙的伪侦探故事彻底打乱导演刻意维持的雍容节奏，连同巧夺天工的美工实景拍摄一起成为了剪辑效果的牺牲品。
        ",楚翰彻,2
496,https://img3.doubanio.com/icon/u1060617-95.jpg," 是时候亮出我十多年张榕容粉丝的身份了！
        ",到里斯本看海,2
497,https://img1.doubanio.com/icon/u2817424-348.jpg," 染谷将太的迷之微笑之于空海的僧人修为，黄轩的快意挥洒之于白居易的诗人狂气，辛柏青的松弛之于李白的狂傲，还有张雨绮、张天爱的舞姿，很是舞出了大唐美人的风范。
        ",富拉尔基薇薇安,16
498,https://img1.doubanio.com/icon/u4438977-69.jpg," 诗是假的，情是真的。被真情实感催泪了……这个大唐盛世如梦似幻啊。
        ",国王KING,24
499,https://img1.doubanio.com/icon/u1037453-59.jpg," 有不少很戳我的点！也有一些不适的。喜欢俩男主！真是非常日本了，故事内核情感都是日本的，妖猫的犯罪升级过程还是应该再解释一下。最满意的点就是把李杨爱情黑了个透，哈哈哈我真的超讨厌李杨爱情的，也不喜欢玄宗皇帝！
        ",低端的滚滚毛,3
